2025-08-11 13:08:35.495[1754917715495] | INFO  | main       | c.b.c.f.client.utils.RequestHandler  - DELETE http://localhost:42211//dapi/v1/listenKey
2025-08-11 13:08:35.816[1754917715816] | INFO  | main       | c.b.c.f.client.utils.RequestHandler  - PUT http://localhost:56767//dapi/v1/listenKey
2025-08-11 13:08:35.829[1754917715829] | INFO  | main       | c.b.c.f.client.utils.RequestHandler  - POST http://localhost:38021//dapi/v1/listenKey
2025-08-11 13:08:35.858[1754917715858] | INFO  | main       | c.b.c.f.client.utils.RequestHandler  - GET http://localhost:54389//dapi/v1/pmAccountInfo?asset=BTC&timestamp=1754917715851&signature=47233fb5ac7238cd6c89d171bebdc8b024b4d1d5d9578304137bbc994d5b9420
2025-08-11 13:08:35.876[1754917715876] | INFO  | main       | c.b.c.f.client.utils.RequestHandler  - GET http://localhost:49217//dapi/v1/pmExchangeInfo?timestamp=1754917715876&signature=a7f61b7c029fbc682135935eac98f050b1f2d304e8cd22b2977cf4a437816a7d
2025-08-11 13:08:35.888[1754917715888] | INFO  | main       | c.b.c.f.client.utils.RequestHandler  - GET http://localhost:56193//dapi/v1/pmExchangeInfo?symbol=BNBUSDT&timestamp=1754917715888&signature=eb5cd9d2cbfc107451b61789354839ba7bd22d0861d1db0c0ffd1ac64f895928
2025-08-11 13:08:35.901[1754917715901] | INFO  | main       | c.b.c.f.client.utils.RequestHandler  - GET http://localhost:55765//dapi/v1/leverageBracket?pair=BNBUSD&timestamp=1754917715900&signature=b16a5a3d86537d8013e009f446bf5dd5e84bbd26af54e0bd844fa6e762d435ca
2025-08-11 13:08:35.906[1754917715906] | INFO  | main       | c.b.c.f.client.utils.RequestHandler  - GET http://localhost:45491//dapi/v1/leverageBracket?timestamp=1754917715905&signature=0307a25e4430e3f51360c443925867b8aeddf5856134a310c810d28c5f43cb28
2025-08-11 13:08:35.915[1754917715915] | INFO  | main       | c.b.c.f.client.utils.RequestHandler  - GET http://localhost:39521//dapi/v1/userTrades?symbol=bnbusd_perpetual&timestamp=1754917715914&signature=19c98a589657942092b8726a674c4d8744744d3c88e9f62e0257117fc56c1129
2025-08-11 13:08:35.926[1754917715926] | INFO  | main       | c.b.c.f.client.utils.RequestHandler  - GET http://localhost:49303//dapi/v1/account?timestamp=1754917715926&signature=07e0e5604c5b0b7f02e65b7eee5494000dc2a14be3fdc2d4334447a23913ea87
2025-08-11 13:08:35.933[1754917715933] | INFO  | main       | c.b.c.f.client.utils.RequestHandler  - GET http://localhost:56901//dapi/v2/leverageBracket?timestamp=1754917715933&signature=b394c47163e928e0c33a9644057880b1c4a865f9c16da29c034adc898766e72e
2025-08-11 13:08:35.942[1754917715942] | INFO  | main       | c.b.c.f.client.utils.RequestHandler  - GET http://localhost:45577//dapi/v2/leverageBracket?symbol=BNBUSD_PERP&timestamp=1754917715941&signature=35158f94ee2847f522ebd942f2621e354445b7d431e6eb2d8daf045d403a2912
2025-08-11 13:08:35.952[1754917715952] | INFO  | main       | c.b.c.f.client.utils.RequestHandler  - GET http://localhost:45171//dapi/v1/openOrders?symbol=BNBUSDT&timestamp=1754917715952&signature=129c4255de0e97ce841264276d9faf892911125b4767ab30563fd64ecf161e57
2025-08-11 13:08:35.959[1754917715959] | INFO  | main       | c.b.c.f.client.utils.RequestHandler  - GET http://localhost:53889//dapi/v1/openOrders?timestamp=1754917715958&signature=1826c5f1ba92441e7bc217bfd1c2242cc9b9286e308e51bfd84af30dfb2486c1
2025-08-11 13:08:35.972[1754917715972] | INFO  | main       | c.b.c.f.client.utils.RequestHandler  - DELETE http://localhost:47797//dapi/v1/batchOrders?symbol=BNBUSDT&orderIdList=&timestamp=1754917715972&signature=133b8b1927577a57e5923f3c7ddf4b32cf7d39320e9e66d79b6420295ec1aef3
2025-08-11 13:08:35.999[1754917715999] | INFO  | main       | c.b.c.f.client.utils.RequestHandler  - DELETE http://localhost:55601//dapi/v1/order?symbol=BNBUSD_PERP&orderId=&timestamp=1754917715999&signature=545183b6a8dd09211297fe94133ec5dc0be6faad8491397bada4ed3f3bdc1e0d
2025-08-11 13:08:36.011[1754917716011] | INFO  | main       | c.b.c.f.client.utils.RequestHandler  - DELETE http://localhost:44241//dapi/v1/order?symbol=BNBUSD_PERP&orderId=123&origClientOrderId=456&timestamp=1754917716011&signature=387b9dbdf37231d95600fe48cc2bd67295f6dd0557d4481599f20eb09750887b
2025-08-11 13:08:36.022[1754917716022] | INFO  | main       | c.b.c.f.client.utils.RequestHandler  - POST http://localhost:55253//dapi/v1/leverage?symbol=BNBUSDT&leverage=20&timestamp=1754917716022&signature=16593ca42bbd5bdbd0c2a8f7f2fe8dee9b9132036ee490f0d904bb315284a5eb
2025-08-11 13:08:36.036[1754917716036] | INFO  | main       | c.b.c.f.client.utils.RequestHandler  - GET http://localhost:35235//dapi/v1/order?symbol=BNBUSD_PERP&orderId=123&timestamp=1754917716036&signature=c0ba264203107927b641594b914f575a5416a7714b62fce49b522b3207f8f30a
2025-08-11 13:08:36.044[1754917716044] | INFO  | main       | c.b.c.f.client.utils.RequestHandler  - GET http://localhost:56431//dapi/v1/order?symbol=BNBUSDT&origClientOrderId=123&timestamp=1754917716043&signature=5e81ee00e1eb3f16a3919525444daa1d669cf1bce11b51b862468945c03a5632
2025-08-11 13:08:36.055[1754917716055] | INFO  | main       | c.b.c.f.client.utils.RequestHandler  - POST http://localhost:44347//dapi/v1/countdownCancelAll?symbol=BNBUSDT&countdownTime=10000&timestamp=1754917716055&signature=5c8924dbbe4d0e39da9e026f9d0b4192b3804e4789933b0f24ce0f4dc47d73a0
2025-08-11 13:08:36.061[1754917716061] | INFO  | main       | c.b.c.f.client.utils.RequestHandler  - GET http://localhost:55113//dapi/v1/leverageBracket?timestamp=1754917716061&signature=2d3bffce25de293ebd21dc8f0a96dc2ec93fa1ee6a3e4383e5b3d8813536e520
2025-08-11 13:08:36.066[1754917716066] | INFO  | main       | c.b.c.f.client.utils.RequestHandler  - GET http://localhost:39103//dapi/v1/leverageBracket?symbol=BNBUSDT&timestamp=1754917716065&signature=1e613b9f8ff9f1dc9c055b003ca63b2726b7171ec0d1047dc5e39a49c5831352
2025-08-11 13:08:36.074[1754917716074] | INFO  | main       | c.b.c.f.client.utils.RequestHandler  - GET http://localhost:44997//dapi/v1/balance?timestamp=1754917716074&signature=8501976ee746043901b6092a6e6c7ef0168b8909c565d3020e3b1c1c1ac4d653
2025-08-11 13:08:36.085[1754917716085] | INFO  | main       | c.b.c.f.client.utils.RequestHandler  - GET http://localhost:53755//dapi/v1/income?symbol=BNBUSDT&timestamp=1754917716085&signature=5516d9e5a25b02e8725a829cad9801c50d232db1c1f7c1e82c3f05b45ba71761
2025-08-11 13:08:36.093[1754917716093] | INFO  | main       | c.b.c.f.client.utils.RequestHandler  - GET http://localhost:59535//dapi/v1/income?timestamp=1754917716093&signature=ce81b4416501cac9f969f0ea3b5bc2925325e0301f092c7db4379cf4f0e654d1
2025-08-11 13:08:36.099[1754917716099] | INFO  | main       | c.b.c.f.client.utils.RequestHandler  - GET http://localhost:40873//dapi/v1/forceOrders?symbol=BNBUSDT&timestamp=1754917716099&signature=00063b9d1385f2c45addc7500a48d405d28ec5da451712f4d17136fe3f432218
2025-08-11 13:08:36.105[1754917716105] | INFO  | main       | c.b.c.f.client.utils.RequestHandler  - GET http://localhost:33375//dapi/v1/forceOrders?timestamp=1754917716104&signature=e941a04c064965400b3f6a2990f9a2694c0192fa2ded2c20f30a9b6757447aee
2025-08-11 13:08:36.113[1754917716113] | INFO  | main       | c.b.c.f.client.utils.RequestHandler  - GET http://localhost:48875//dapi/v1/allOrders?symbol=bnbusd_perpetual&timestamp=1754917716113&signature=f9a6551320eb23ffd9d99f58e043480525ec9edfc50091df25c8afcf34a42e52
2025-08-11 13:08:36.120[1754917716120] | INFO  | main       | c.b.c.f.client.utils.RequestHandler  - GET http://localhost:47055//dapi/v1/commissionRate?symbol=BNBUSDT&timestamp=1754917716120&signature=cd14b94e3daa400d1f8acab6badd036f0ebf27e5915d59fc0585174b6f3d59fc
2025-08-11 13:08:36.124[1754917716124] | INFO  | main       | c.b.c.f.client.utils.RequestHandler  - GET http://localhost:40041//dapi/v1/positionMargin/history?symbol=BNBUSDT&timestamp=1754917716124&signature=005197828c9108e30d284dfc05d74a9452d4ff01dab3b47ceb4626569c6285ba
2025-08-11 13:08:36.131[1754917716131] | INFO  | main       | c.b.c.f.client.utils.RequestHandler  - GET http://localhost:50359//dapi/v1/adlQuantile?timestamp=1754917716131&signature=16376223496bc88f4531a5db5d6aa7d0c47164455e1c1159c47d5930542b2ec0
2025-08-11 13:08:36.136[1754917716136] | INFO  | main       | c.b.c.f.client.utils.RequestHandler  - GET http://localhost:39981//dapi/v1/adlQuantile?symbol=BNBUSDT&timestamp=1754917716136&signature=2a50c3efebdb3aa4a576e183762db7d5b08fbd89df090c7318d4ac06db1f5a93
2025-08-11 13:08:36.143[1754917716143] | INFO  | main       | c.b.c.f.client.utils.RequestHandler  - GET http://localhost:51025//dapi/v1/positionSide/dual?timestamp=1754917716143&signature=34d59a23a771d43fa15c3bed53bc3ab88400c03f6b4bf79026a7b0b00a482c73
2025-08-11 13:08:36.151[1754917716151] | INFO  | main       | c.b.c.f.client.utils.RequestHandler  - POST http://localhost:35633//dapi/v1/positionSide/dual?dualSidePosition=true&timestamp=1754917716150&signature=4a938ffafa184de3277e0d26f94e11dfdc642343140fb1e84b9a2b1735d80c84
2025-08-11 13:08:36.156[1754917716156] | INFO  | main       | c.b.c.f.client.utils.RequestHandler  - POST http://localhost:58771//dapi/v1/positionMargin?symbol=BNBUSDT&amount=100.0&type=1&timestamp=1754917716155&signature=1eba89e48b15fcf2c4a706e3665aac0db6a557e121b8a696a7484d265c60dec2
2025-08-11 13:08:36.166[1754917716166] | INFO  | main       | c.b.c.f.client.utils.RequestHandler  - PUT http://localhost:51435//dapi/v1/order?orderId=123456&symbol=BNBUSD_PERP&side=BUY&timestamp=1754917716166&signature=e3e68ae523e773425c6e90e903ad5026e134784e9a59eec07b1248f6d550b449
2025-08-11 13:08:36.181[1754917716181] | INFO  | main       | c.b.c.f.client.utils.RequestHandler  - GET http://localhost:41187//dapi/v1/openOrder?symbol=BNBUSDT&orderId=123&timestamp=1754917716181&signature=e1aa612113c715691682dab8dda52b7a1b5add69c232cb2fc7af62e3160a19ef
2025-08-11 13:08:36.185[1754917716185] | INFO  | main       | c.b.c.f.client.utils.RequestHandler  - GET http://localhost:42969//dapi/v1/openOrder?symbol=BNBUSDT&origClientOrderId=123&timestamp=1754917716185&signature=57ab9cc242ec509e321bf5cd380df2c1a2de89030571a5a3f1315cad9e7e4e73
2025-08-11 13:08:36.190[1754917716190] | INFO  | main       | c.b.c.f.client.utils.RequestHandler  - GET http://localhost:47795//dapi/v1/orderAmendment?orderId=123456&symbol=BNBUSD_PERP&side=BUY&timestamp=1754917716190&signature=8889bbc57429a104b5a6f8e129f5aa679c13c689093a865a235a5dd086cc76d7
2025-08-11 13:08:36.201[1754917716201] | INFO  | main       | c.b.c.f.client.utils.RequestHandler  - POST http://localhost:46553//dapi/v1/order?symbol=BNBUSDT&side=BUY&type=MARKET&quantity=0.01&timestamp=1754917716200&signature=7c2ffb9a51fe2fed463c323ed555d3357674d7caf1c9a3ee6bdafe4da77e0d4e
2025-08-11 13:08:36.206[1754917716206] | INFO  | main       | c.b.c.f.client.utils.RequestHandler  - GET http://localhost:33211//dapi/v1/positionRisk?timestamp=1754917716206&signature=6974b415e7485d5233e1f611c1f7e4ed9d85e8e39b3ebf77a519aa6a94475232
2025-08-11 13:08:36.209[1754917716209] | INFO  | main       | c.b.c.f.client.utils.RequestHandler  - GET http://localhost:57509//dapi/v1/positionRisk?pair=bnbusd_perpetual&timestamp=1754917716209&signature=e06e88a2945c8acd909172ade72338bad745f8f331920268bd85d9bf7ff97ded
2025-08-11 13:08:36.215[1754917716215] | INFO  | main       | c.b.c.f.client.utils.RequestHandler  - DELETE http://localhost:57963//dapi/v1/allOpenOrders?symbol=BNBUSDT&timestamp=1754917716215&signature=7bf161df2f93c51c1b7af8e83abf1b4ac96fae19b6f95504d65383a70c6452be
2025-08-11 13:08:36.221[1754917716221] | INFO  | main       | c.b.c.f.client.utils.RequestHandler  - GET http://localhost:35835//dapi/v1/markPriceKlines?symbol=bnbusd_perpetual&interval=1m&limit=1000&startTime=1754917716220&endTime=1754917717220
2025-08-11 13:08:36.224[1754917716224] | INFO  | main       | c.b.c.f.client.utils.RequestHandler  - GET http://localhost:38183//dapi/v1/markPriceKlines?symbol=bnbusd_perpetual&interval=1m
2025-08-11 13:08:36.227[1754917716227] | INFO  | main       | c.b.c.f.client.utils.RequestHandler  - GET http://localhost:35837//futures/data/openInterestHist?pair=bnbusd_perpetual&period=5m&limit=1000&startTime=1754917716227&endTime=1754917717227
2025-08-11 13:08:36.230[1754917716230] | INFO  | main       | c.b.c.f.client.utils.RequestHandler  - GET http://localhost:34105//futures/data/openInterestHist?pair=bnbusd_perpetual&period=5m
2025-08-11 13:08:36.243[1754917716243] | INFO  | main       | c.b.c.f.client.utils.RequestHandler  - GET http://localhost:49251//futures/data/topLongShortAccountRatio?pair=btcusd_perpetual&period=5m
2025-08-11 13:08:36.245[1754917716245] | INFO  | main       | c.b.c.f.client.utils.RequestHandler  - GET http://localhost:53217//futures/data/topLongShortAccountRatio?pair=btcusd_perpetual&period=5m&limit=1000&startTime=1754917716245&endTime=1754917717245
2025-08-11 13:08:36.251[1754917716251] | INFO  | main       | c.b.c.f.client.utils.RequestHandler  - GET http://localhost:41393//dapi/v1/klines?symbol=BNBUSDT&interval=1m&limit=1000&startTime=1754917716250&endTime=1754917717250
2025-08-11 13:08:36.255[1754917716255] | INFO  | main       | c.b.c.f.client.utils.RequestHandler  - GET http://localhost:44607//dapi/v1/klines?symbol=BNBUSDT&interval=1m
2025-08-11 13:08:36.261[1754917716261] | INFO  | main       | c.b.c.f.client.utils.RequestHandler  - GET http://localhost:57727//dapi/v1/ticker/bookTicker?symbol=BNBUSDT
2025-08-11 13:08:36.264[1754917716264] | INFO  | main       | c.b.c.f.client.utils.RequestHandler  - GET http://localhost:47919//dapi/v1/ticker/bookTicker
2025-08-11 13:08:36.268[1754917716268] | INFO  | main       | c.b.c.f.client.utils.RequestHandler  - GET http://localhost:48855//dapi/v1/ping
2025-08-11 13:08:36.275[1754917716275] | INFO  | main       | c.b.c.f.client.utils.RequestHandler  - GET http://localhost:33977//dapi/v1/trades?symbol=BNBUSDT&limit=1000
2025-08-11 13:08:36.279[1754917716279] | INFO  | main       | c.b.c.f.client.utils.RequestHandler  - GET http://localhost:48045//dapi/v1/trades?symbol=BNBUSDT
2025-08-11 13:08:36.283[1754917716283] | INFO  | main       | c.b.c.f.client.utils.RequestHandler  - GET http://localhost:54107//dapi/v1/fundingRate?symbol=BNBUSDT&limit=1000&startTime=1754917716282&endTime=1754917717282
2025-08-11 13:08:36.288[1754917716288] | INFO  | main       | c.b.c.f.client.utils.RequestHandler  - GET http://localhost:58411//dapi/v1/fundingRate
2025-08-11 13:08:36.295[1754917716295] | INFO  | main       | c.b.c.f.client.utils.RequestHandler  - GET http://localhost:53435//dapi/v1/aggTrades?symbol=BNBUSDT&fromId=1000
2025-08-11 13:08:36.299[1754917716299] | INFO  | main       | c.b.c.f.client.utils.RequestHandler  - GET http://localhost:60159//dapi/v1/aggTrades?symbol=BNBUSDT&limit=1000
2025-08-11 13:08:36.301[1754917716301] | INFO  | main       | c.b.c.f.client.utils.RequestHandler  - GET http://localhost:39615//dapi/v1/aggTrades?symbol=BNBUSDT
2025-08-11 13:08:36.305[1754917716305] | INFO  | main       | c.b.c.f.client.utils.RequestHandler  - GET http://localhost:60321//dapi/v1/aggTrades?symbol=BNBUSDT&startTime=1754917716304&endTime=1754917717304
2025-08-11 13:08:36.308[1754917716308] | INFO  | main       | c.b.c.f.client.utils.RequestHandler  - GET http://localhost:52317//dapi/v1/premiumIndex?symbol=BNBUSDT
2025-08-11 13:08:36.318[1754917716318] | INFO  | main       | c.b.c.f.client.utils.RequestHandler  - GET http://localhost:40853//dapi/v1/premiumIndex
2025-08-11 13:08:36.322[1754917716322] | INFO  | main       | c.b.c.f.client.utils.RequestHandler  - GET http://localhost:57551//futures/data/basis?pair=BTCUSD&contractType=PERPETUAL&period=1m
2025-08-11 13:08:36.328[1754917716328] | INFO  | main       | c.b.c.f.client.utils.RequestHandler  - GET http://localhost:59543//dapi/v1/ticker/24hr?pair=bnbusd_perpetual
2025-08-11 13:08:36.331[1754917716331] | INFO  | main       | c.b.c.f.client.utils.RequestHandler  - GET http://localhost:50545//dapi/v1/ticker/24hr
2025-08-11 13:08:36.336[1754917716336] | INFO  | main       | c.b.c.f.client.utils.RequestHandler  - GET http://localhost:49467//futures/data/globalLongShortAccountRatio?pair=BTCUSD&period=5m&limit=1000&startTime=1754917716334&endTime=1754917717334
2025-08-11 13:08:36.343[1754917716343] | INFO  | main       | c.b.c.f.client.utils.RequestHandler  - GET http://localhost:58215//futures/data/globalLongShortAccountRatio?pair=BTCUSD&period=5m
2025-08-11 13:08:36.348[1754917716348] | INFO  | main       | c.b.c.f.client.utils.RequestHandler  - GET http://localhost:47995//dapi/v1/indexPriceKlines?pair=BNBUSDT&interval=1m
2025-08-11 13:08:36.351[1754917716351] | INFO  | main       | c.b.c.f.client.utils.RequestHandler  - GET http://localhost:44047//dapi/v1/indexPriceKlines?pair=BNBUSDT&interval=1m&limit=1000&startTime=1754917716350&endTime=1754917717350
2025-08-11 13:08:36.356[1754917716356] | INFO  | main       | c.b.c.f.client.utils.RequestHandler  - GET http://localhost:53179//dapi/v1/continuousKlines?pair=BNBUSDT&contractType=PERPETUAL&interval=1m
2025-08-11 13:08:36.360[1754917716360] | INFO  | main       | c.b.c.f.client.utils.RequestHandler  - GET http://localhost:45337//dapi/v1/continuousKlines?pair=BNBUSDT&contractType=PERPETUAL&interval=1m&limit=1000&startTime=1754917716359&endTime=1754917717359
2025-08-11 13:08:36.364[1754917716364] | INFO  | main       | c.b.c.f.client.utils.RequestHandler  - GET http://localhost:58033//dapi/v1/openInterest?symbol=BNBUSDT
2025-08-11 13:08:36.370[1754917716370] | INFO  | main       | c.b.c.f.client.utils.RequestHandler  - GET http://localhost:49333//dapi/v1/depth?symbol=BNBUSDT
2025-08-11 13:08:36.374[1754917716374] | INFO  | main       | c.b.c.f.client.utils.RequestHandler  - GET http://localhost:47895//dapi/v1/depth?symbol=BNBUSDT&limit=10
2025-08-11 13:08:36.379[1754917716379] | INFO  | main       | c.b.c.f.client.utils.RequestHandler  - GET http://localhost:59235//dapi/v1/exchangeInfo
2025-08-11 13:08:36.385[1754917716385] | INFO  | main       | c.b.c.f.client.utils.RequestHandler  - GET http://localhost:35897//dapi/v1/ticker/price
2025-08-11 13:08:36.387[1754917716387] | INFO  | main       | c.b.c.f.client.utils.RequestHandler  - GET http://localhost:42387//dapi/v1/ticker/price?pair=bnbusd_perpetual
2025-08-11 13:08:36.392[1754917716392] | INFO  | main       | c.b.c.f.client.utils.RequestHandler  - GET http://localhost:48573//dapi/v1/time
2025-08-11 13:08:36.398[1754917716398] | INFO  | main       | c.b.c.f.client.utils.RequestHandler  - GET http://localhost:47899//futures/data/topLongShortPositionRatio?pair=bnbusd_perpetual&period=5m
2025-08-11 13:08:36.400[1754917716400] | INFO  | main       | c.b.c.f.client.utils.RequestHandler  - GET http://localhost:49569//futures/data/topLongShortPositionRatio?pair=bnbusd_perpetual&period=5m&limit=1000&startTime=1754917716400&endTime=1754917717400
2025-08-11 13:08:36.404[1754917716404] | INFO  | main       | c.b.c.f.client.utils.RequestHandler  - GET http://localhost:50149//dapi/v1/historicalTrades?symbol=BNBUSDT&limit=1000&fromId=123
2025-08-11 13:08:36.408[1754917716408] | INFO  | main       | c.b.c.f.client.utils.RequestHandler  - GET http://localhost:56323//dapi/v1/historicalTrades?symbol=BNBUSDT
2025-08-11 13:08:36.443[1754917716443] | INFO  | main       | c.b.c.f.client.utils.RequestHandler  - DELETE http://localhost:49379//fapi/v1/listenKey
2025-08-11 13:08:36.448[1754917716448] | INFO  | main       | c.b.c.f.client.utils.RequestHandler  - PUT http://localhost:42745//fapi/v1/listenKey
2025-08-11 13:08:36.457[1754917716457] | INFO  | main       | c.b.c.f.client.utils.RequestHandler  - POST http://localhost:35299//fapi/v1/listenKey
2025-08-11 13:08:36.465[1754917716465] | INFO  | main       | c.b.c.f.client.utils.RequestHandler  - GET http://localhost:52849//fapi/v1/income?symbol=BNBUSDT&timestamp=1754917716465&signature=d161b1887ea0169d6a95fd6e359a94de4566832f7cfe64805f48b60ed2ee8956
2025-08-11 13:08:36.469[1754917716469] | INFO  | main       | c.b.c.f.client.utils.RequestHandler  - GET http://localhost:55659//fapi/v1/income?timestamp=1754917716469&signature=0a2b5bca921df46b6e12594439b8e7bfa78a9e3a8ede353aaa2a60985a897947
2025-08-11 13:08:36.477[1754917716477] | INFO  | main       | c.b.c.f.client.utils.RequestHandler  - POST http://localhost:36603//fapi/v1/countdownCancelAll?symbol=BNBUSDT&countdownTime=10000&timestamp=1754917716476&signature=3f46e6093da9608e240b62c7679ec833d934f030394b2acb1b0ec56adc6e2035
2025-08-11 13:08:36.482[1754917716482] | INFO  | main       | c.b.c.f.client.utils.RequestHandler  - POST http://localhost:39611//fapi/v1/positionMargin?symbol=BNBUSDT&amount=100.0&type=1&timestamp=1754917716481&signature=381b4f0b1cd36b9703fe8a504214c94a13f1cd0b9648f6da6625069dc4f9533c
2025-08-11 13:08:36.485[1754917716485] | INFO  | main       | c.b.c.f.client.utils.RequestHandler  - GET http://localhost:49769//fapi/v1/allOrders?symbol=BNBUSDT&timestamp=1754917716485&signature=e0d5675190dac58ce31ae30c1f4926437984db00af7ed63443bd57f39e820339
2025-08-11 13:08:36.494[1754917716494] | INFO  | main       | c.b.c.f.client.utils.RequestHandler  - GET http://localhost:47263//fapi/v2/balance?timestamp=1754917716494&signature=8b377d42a8cbb144057b9e4ba54714c7180c97255e17b681ad14e8012f82090a
2025-08-11 13:08:36.500[1754917716500] | INFO  | main       | c.b.c.f.client.utils.RequestHandler  - GET http://localhost:40859//fapi/v1/userTrades?symbol=BNBUSDT&timestamp=1754917716500&signature=987db2533cc6d2ccfc952e05fdd50d638b3368b7c42ef972ffef29bcb253ea62
2025-08-11 13:08:36.505[1754917716505] | INFO  | main       | c.b.c.f.client.utils.RequestHandler  - GET http://localhost:55047//fapi/v1/multiAssetsMargin?timestamp=1754917716505&signature=2deaf1b99526775de2a24ab7722a32a59886ce4337e0474f14ee329d4616d4f5
2025-08-11 13:08:36.508[1754917716508] | INFO  | main       | c.b.c.f.client.utils.RequestHandler  - POST http://localhost:51469//fapi/v1/leverage?symbol=BNBUSDT&leverage=20&timestamp=1754917716508&signature=b648cff515b62254518612d6141870c2ac1555f77f9cd274bef10a202dea3416
2025-08-11 13:08:36.516[1754917716516] | INFO  | main       | c.b.c.f.client.utils.RequestHandler  - POST http://localhost:55903//fapi/v1/positionSide/dual?dualSidePosition=true&timestamp=1754917716516&signature=ccfffa3f8f911a7dd2fc44860f6f21702cb36a3c8f3939f522d19de2a45cdbd9
2025-08-11 13:08:36.520[1754917716520] | INFO  | main       | c.b.c.f.client.utils.RequestHandler  - POST http://localhost:44151//fapi/v1/order?symbol=BNBUSDT&side=BUY&type=MARKET&quantity=0.01&timestamp=1754917716520&signature=760a522095dfc3eefa371191bffed8dcadc8bcc2f301f4864553fed5387b1262
2025-08-11 13:08:36.532[1754917716532] | INFO  | main       | c.b.c.f.client.utils.RequestHandler  - GET http://localhost:36545//fapi/v1/positionSide/dual?timestamp=1754917716532&signature=dc434096e84fa6b83fca9e3b54cb708b914dd4b6666537f71b146dbbe25a1b77
2025-08-11 13:08:36.545[1754917716545] | INFO  | main       | c.b.c.f.client.utils.RequestHandler  - GET http://localhost:49265//fapi/v1/leverageBracket?symbol=BNBUSDT&timestamp=1754917716545&signature=c5e15c39c1e69c3c4c160df233285062fb9a992de8b45aa273e03e778f147070
2025-08-11 13:08:36.552[1754917716552] | INFO  | main       | c.b.c.f.client.utils.RequestHandler  - GET http://localhost:39859//fapi/v1/leverageBracket?timestamp=1754917716552&signature=1542023506ad7e354cda5be29b96b2f3ff88d681ce7ef4cb3cff0966dde047a0
2025-08-11 13:08:36.560[1754917716560] | INFO  | main       | c.b.c.f.client.utils.RequestHandler  - POST http://localhost:34619//fapi/v1/multiAssetsMargin?dualSidePosition=true&timestamp=1754917716560&signature=f961756895977f90ebf09620058c0f348d6ff1f4a0c963709aa041504ae5c860
2025-08-11 13:08:36.566[1754917716566] | INFO  | main       | c.b.c.f.client.utils.RequestHandler  - GET http://localhost:42569//fapi/v1/income/asyn?startTime=1754917716563&endTime=1754917717563&timestamp=1754917716566&signature=1b71dde86b3a1112a42a1c45de697ed0e75b1cd3c0651a72b7dcae868faa8be3
2025-08-11 13:08:36.569[1754917716569] | INFO  | main       | c.b.c.f.client.utils.RequestHandler  - GET http://localhost:49643//fapi/v1/income/asyn?timestamp=1754917716568&signature=eaccfda4442feb5702eec5bac860b53dc6c529ca463c1b3b9307ff281ede0a9d
2025-08-11 13:08:36.576[1754917716576] | INFO  | main       | c.b.c.f.client.utils.RequestHandler  - DELETE http://localhost:34211//fapi/v1/batchOrders?symbol=BNBUSDT&orderIdList=&timestamp=1754917716576&signature=89c283b5dff3f9db7e70ceb476e6874081032774b842e0eb577faa3e96f1712e
2025-08-11 13:08:36.582[1754917716582] | INFO  | main       | c.b.c.f.client.utils.RequestHandler  - GET http://localhost:40469//fapi/v1/forceOrders?symbol=BNBUSDT&timestamp=1754917716582&signature=2818aad35f3453ad72c728ba7e832d1e24397a235cb1066ea43d0ec911ca0043
2025-08-11 13:08:36.587[1754917716587] | INFO  | main       | c.b.c.f.client.utils.RequestHandler  - GET http://localhost:42677//fapi/v1/forceOrders?timestamp=1754917716587&signature=197e63f6f3bd9ad788e0732931bdcd10d88d11d6989f889680312c9036f9f1e9
2025-08-11 13:08:36.594[1754917716594] | INFO  | main       | c.b.c.f.client.utils.RequestHandler  - GET http://localhost:45537//fapi/v1/openOrder?symbol=BNBUSDT&orderId=123&timestamp=1754917716594&signature=9ed6e3d58296c848f771486549a7b955ff0617e562c15f62a36065cbe1bc0702
2025-08-11 13:08:36.598[1754917716598] | INFO  | main       | c.b.c.f.client.utils.RequestHandler  - GET http://localhost:59409//fapi/v1/openOrder?symbol=BNBUSDT&origClientOrderId=123&timestamp=1754917716598&signature=69d663b62cda40068dad0db8913a91fb3db84a8a3124de1aa65b1e88a19ccdb5
2025-08-11 13:08:36.605[1754917716605] | INFO  | main       | c.b.c.f.client.utils.RequestHandler  - GET http://localhost:57295//fapi/v1/openOrders?symbol=BNBUSDT&timestamp=1754917716605&signature=0bfd7572e16d02762af4867c01141e5ccd9379de04aea5429c40acd0c2a329d6
2025-08-11 13:08:36.607[1754917716607] | INFO  | main       | c.b.c.f.client.utils.RequestHandler  - GET http://localhost:40255//fapi/v1/openOrders?timestamp=1754917716607&signature=ee5825c163ddd8ec783126a1fa89adba4f30d13fabd1fd13606e9337e07f8a34
2025-08-11 13:08:36.611[1754917716611] | INFO  | main       | c.b.c.f.client.utils.RequestHandler  - GET http://localhost:43655//fapi/v1/leverageBracket?timestamp=1754917716610&signature=f09394ab3b339b5d32e74d2b31436c6bc3d9ff4d9d9154074a891e50def15063
2025-08-11 13:08:36.613[1754917716613] | INFO  | main       | c.b.c.f.client.utils.RequestHandler  - GET http://localhost:45761//fapi/v1/leverageBracket?symbol=BNBUSDT&timestamp=1754917716613&signature=a3286574ede67e6ffa6eb835034bfdafe5c43be9c3db1268107a08b099abcda3
2025-08-11 13:08:36.616[1754917716616] | INFO  | main       | c.b.c.f.client.utils.RequestHandler  - GET http://localhost:52797//fapi/v1/income/asyn/id?downloadId=545923594199212032&timestamp=1754917716616&signature=f045c6984d39438bab8be4c84171052c615cc28d9f86520697533128302f577e
2025-08-11 13:08:36.623[1754917716623] | INFO  | main       | c.b.c.f.client.utils.RequestHandler  - GET http://localhost:46521//fapi/v1/order?symbol=BNBUSDT&orderId=123&timestamp=1754917716623&signature=374a835908498bcb891f14daebdf6f4e4614341bbb95c3a0d70836cbaba2f090
2025-08-11 13:08:36.626[1754917716626] | INFO  | main       | c.b.c.f.client.utils.RequestHandler  - GET http://localhost:48909//fapi/v1/order?symbol=BNBUSDT&origClientOrderId=123&timestamp=1754917716626&signature=2c24a2c8e23f3f55d6613087897a011b7d9609ef55b701b4a7e51610ceefe933
2025-08-11 13:08:36.631[1754917716631] | INFO  | main       | c.b.c.f.client.utils.RequestHandler  - GET http://localhost:41755//fapi/v1/commissionRate?symbol=BNBUSDT&timestamp=1754917716631&signature=eb7efb1ada47619a1e6c636744a0dfeb08fc5a523c074c86de0a8616cdfa2ca8
2025-08-11 13:08:36.639[1754917716639] | INFO  | main       | c.b.c.f.client.utils.RequestHandler  - GET http://localhost:40817//fapi/v1/positionMargin/history?symbol=BNBUSDT&timestamp=1754917716639&signature=c658aaa76f7f6002368638c9d432f353160e9e7b004077a8daf96a1033a423ef
2025-08-11 13:08:36.645[1754917716645] | INFO  | main       | c.b.c.f.client.utils.RequestHandler  - DELETE http://localhost:51777//fapi/v1/order?symbol=BNBUSDT&orderId=&timestamp=1754917716645&signature=824cae6ba5e6f599dabc2844607d730c2dd3ebfa0e0d480a43ce803792eeb343
2025-08-11 13:08:36.648[1754917716648] | INFO  | main       | c.b.c.f.client.utils.RequestHandler  - DELETE http://localhost:35811//fapi/v1/order?symbol=BNBUSDT&orderId=123&origClientOrderId=456&timestamp=1754917716648&signature=4be97a06ab9241442d412cd3463208383b363a28519de6dc6a93df46f2ffadf1
2025-08-11 13:08:36.652[1754917716652] | INFO  | main       | c.b.c.f.client.utils.RequestHandler  - GET http://localhost:56355//fapi/v2/account?timestamp=1754917716652&signature=b7c9da1e60960fd8a23ae9662c7ff90117148568b880f4e359dfe93d6ae89bd3
2025-08-11 13:08:36.655[1754917716655] | INFO  | main       | c.b.c.f.client.utils.RequestHandler  - GET http://localhost:39751//fapi/v2/positionRisk?timestamp=1754917716655&signature=ea2fae3a4af83ca69c4fb45935594c1842a6d0533ed580f7e1820d559164366d
2025-08-11 13:08:36.658[1754917716658] | INFO  | main       | c.b.c.f.client.utils.RequestHandler  - GET http://localhost:52667//fapi/v2/positionRisk?symbol=BNBUSDT&timestamp=1754917716657&signature=93e844aa763ca5d12ee8aca91157dae18c3f3f4ba1b35e87353f6d2af2f9f9b1
2025-08-11 13:08:36.662[1754917716662] | INFO  | main       | c.b.c.f.client.utils.RequestHandler  - DELETE http://localhost:58923//fapi/v1/allOpenOrders?symbol=BNBUSDT&timestamp=1754917716662&signature=58b823be2f7a356ad59282022a41ec9cf0b9427de1e1bc1a9e7b48025c45833c
2025-08-11 13:08:36.665[1754917716665] | INFO  | main       | c.b.c.f.client.utils.RequestHandler  - GET http://localhost:46845//fapi/v1/apiTradingStatus?timestamp=1754917716665&signature=8d111b7a600fa4ecc2bca0e3cef5a72fa0f6a7a049ca36a972a5637f6728430e
2025-08-11 13:08:36.667[1754917716667] | INFO  | main       | c.b.c.f.client.utils.RequestHandler  - GET http://localhost:36853//fapi/v1/apiTradingStatus?symbol=BNBUSDT&timestamp=1754917716667&signature=3b01bd8b7af21591856975adfa636c209f5df343f0004232e45073301b288712
2025-08-11 13:08:36.671[1754917716671] | INFO  | main       | c.b.c.f.client.utils.RequestHandler  - GET http://localhost:51241//fapi/v1/adlQuantile?timestamp=1754917716671&signature=048dfaaa223ddd357923ffdaa04563cd05c0a7767e35b13be8fd14f58e6230cf
2025-08-11 13:08:36.675[1754917716675] | INFO  | main       | c.b.c.f.client.utils.RequestHandler  - GET http://localhost:37635//fapi/v1/adlQuantile?symbol=BNBUSDT&timestamp=1754917716675&signature=0e0690ae43dfbb9473c68d17b6cb45983017102c61c3c6e87794b4e172b7ab0f
2025-08-11 13:08:36.679[1754917716679] | INFO  | main       | c.b.c.f.client.utils.RequestHandler  - POST http://localhost:37731//fapi/v1/marginType?symbol=BNBUSDT&marginType=CROSSED&timestamp=1754917716679&signature=15caca45559b954ded5c28b15d136a082254983c73b6fe5d971b2cda681b1bc9
2025-08-11 13:08:36.682[1754917716682] | INFO  | main       | c.b.c.f.client.utils.RequestHandler  - GET http://localhost:46195//futures/data/globalLongShortAccountRatio?symbol=BNBUSDT&period=5m&limit=1000&startTime=1754917716681&endTime=1754917717681
2025-08-11 13:08:36.688[1754917716688] | INFO  | main       | c.b.c.f.client.utils.RequestHandler  - GET http://localhost:55161//futures/data/globalLongShortAccountRatio?symbol=BNBUSDT&period=5m
2025-08-11 13:08:36.693[1754917716693] | INFO  | main       | c.b.c.f.client.utils.RequestHandler  - GET http://localhost:54683//fapi/v1/depth?symbol=BNBUSDT
2025-08-11 13:08:36.695[1754917716695] | INFO  | main       | c.b.c.f.client.utils.RequestHandler  - GET http://localhost:55095//fapi/v1/depth?symbol=BNBUSDT&limit=10
2025-08-11 13:08:36.702[1754917716702] | INFO  | main       | c.b.c.f.client.utils.RequestHandler  - GET http://localhost:56993//fapi/v1/continuousKlines?pair=BNBUSDT&contractType=PERPETUAL&interval=1m
2025-08-11 13:08:36.704[1754917716704] | INFO  | main       | c.b.c.f.client.utils.RequestHandler  - GET http://localhost:57835//fapi/v1/continuousKlines?pair=BNBUSDT&contractType=PERPETUAL&interval=1m&limit=1000&startTime=1754917716703&endTime=1754917717703
2025-08-11 13:08:36.710[1754917716710] | INFO  | main       | c.b.c.f.client.utils.RequestHandler  - GET http://localhost:49253//fapi/v1/premiumIndex?symbol=BNBUSDT
2025-08-11 13:08:36.715[1754917716715] | INFO  | main       | c.b.c.f.client.utils.RequestHandler  - GET http://localhost:48951//fapi/v1/premiumIndex
2025-08-11 13:08:36.718[1754917716718] | INFO  | main       | c.b.c.f.client.utils.RequestHandler  - GET http://localhost:36409//fapi/v1/ticker/price
2025-08-11 13:08:36.720[1754917716720] | INFO  | main       | c.b.c.f.client.utils.RequestHandler  - GET http://localhost:52541//fapi/v1/ticker/price?symbol=BNBUSDT
2025-08-11 13:08:36.727[1754917716727] | INFO  | main       | c.b.c.f.client.utils.RequestHandler  - GET http://localhost:39755//fapi/v1/ticker/24hr?symbol=BNBUSDT
2025-08-11 13:08:36.730[1754917716730] | INFO  | main       | c.b.c.f.client.utils.RequestHandler  - GET http://localhost:43259//fapi/v1/ticker/24hr
2025-08-11 13:08:36.734[1754917716734] | INFO  | main       | c.b.c.f.client.utils.RequestHandler  - GET http://localhost:43039//fapi/v1/openInterest?symbol=BNBUSDT
2025-08-11 13:08:36.741[1754917716741] | INFO  | main       | c.b.c.f.client.utils.RequestHandler  - GET http://localhost:33613//fapi/v1/lvtKlines?symbol=BTCDOWN&interval=1m&limit=1000&startTime=1754917716740&endTime=1754917717740
2025-08-11 13:08:36.743[1754917716743] | INFO  | main       | c.b.c.f.client.utils.RequestHandler  - GET http://localhost:45283//fapi/v1/lvtKlines?symbol=BTCDOWN&interval=1m
2025-08-11 13:08:36.749[1754917716749] | INFO  | main       | c.b.c.f.client.utils.RequestHandler  - GET http://localhost:33953//fapi/v1/ticker/bookTicker?symbol=BNBUSDT
2025-08-11 13:08:36.751[1754917716751] | INFO  | main       | c.b.c.f.client.utils.RequestHandler  - GET http://localhost:56299//fapi/v1/ticker/bookTicker
2025-08-11 13:08:36.755[1754917716755] | INFO  | main       | c.b.c.f.client.utils.RequestHandler  - GET http://localhost:36583//fapi/v1/markPriceKlines?symbol=BNBUSDT&interval=1m&limit=1000&startTime=1754917716755&endTime=1754917717755
2025-08-11 13:08:36.759[1754917716759] | INFO  | main       | c.b.c.f.client.utils.RequestHandler  - GET http://localhost:34827//fapi/v1/markPriceKlines?symbol=BNBUSDT&interval=1m
2025-08-11 13:08:36.762[1754917716762] | INFO  | main       | c.b.c.f.client.utils.RequestHandler  - GET http://localhost:58017//fapi/v1/aggTrades?symbol=BNBUSDT&fromId=1000
2025-08-11 13:08:36.767[1754917716767] | INFO  | main       | c.b.c.f.client.utils.RequestHandler  - GET http://localhost:35935//fapi/v1/aggTrades?symbol=BNBUSDT&limit=1000
2025-08-11 13:08:36.771[1754917716771] | INFO  | main       | c.b.c.f.client.utils.RequestHandler  - GET http://localhost:60803//fapi/v1/aggTrades?symbol=BNBUSDT
2025-08-11 13:08:36.774[1754917716774] | INFO  | main       | c.b.c.f.client.utils.RequestHandler  - GET http://localhost:54937//fapi/v1/aggTrades?symbol=BNBUSDT&startTime=1754917716774&endTime=1754917717774
2025-08-11 13:08:36.777[1754917716777] | INFO  | main       | c.b.c.f.client.utils.RequestHandler  - GET http://localhost:38941//fapi/v1/trades?symbol=BNBUSDT&limit=1000
2025-08-11 13:08:36.779[1754917716779] | INFO  | main       | c.b.c.f.client.utils.RequestHandler  - GET http://localhost:50949//fapi/v1/trades?symbol=BNBUSDT
2025-08-11 13:08:36.782[1754917716782] | INFO  | main       | c.b.c.f.client.utils.RequestHandler  - GET http://localhost:34949//fapi/v1/indexPriceKlines?pair=BNBUSDT&interval=1m
2025-08-11 13:08:36.788[1754917716788] | INFO  | main       | c.b.c.f.client.utils.RequestHandler  - GET http://localhost:41969//fapi/v1/indexPriceKlines?pair=BNBUSDT&interval=1m&limit=1000&startTime=1754917716788&endTime=1754917717788
2025-08-11 13:08:36.792[1754917716792] | INFO  | main       | c.b.c.f.client.utils.RequestHandler  - GET http://localhost:55907//fapi/v1/ping
2025-08-11 13:08:36.796[1754917716796] | INFO  | main       | c.b.c.f.client.utils.RequestHandler  - GET http://localhost:34445//fapi/v1/fundingRate?symbol=BNBUSDT&limit=1000&startTime=1754917716795&endTime=1754917717795
2025-08-11 13:08:36.799[1754917716799] | INFO  | main       | c.b.c.f.client.utils.RequestHandler  - GET http://localhost:33871//fapi/v1/fundingRate
2025-08-11 13:08:36.803[1754917716803] | INFO  | main       | c.b.c.f.client.utils.RequestHandler  - GET http://localhost:42089//futures/data/topLongShortPositionRatio?symbol=BNBUSDT&period=5m
2025-08-11 13:08:36.804[1754917716804] | INFO  | main       | c.b.c.f.client.utils.RequestHandler  - GET http://localhost:40895//futures/data/topLongShortPositionRatio?symbol=BNBUSDT&period=5m&limit=1000&startTime=1754917716804&endTime=1754917717804
2025-08-11 13:08:36.807[1754917716807] | INFO  | main       | c.b.c.f.client.utils.RequestHandler  - GET http://localhost:35593//fapi/v1/time
2025-08-11 13:08:36.814[1754917716814] | INFO  | main       | c.b.c.f.client.utils.RequestHandler  - GET http://localhost:55191//futures/data/openInterestHist?symbol=BNBUSDT&period=5m&limit=1000&startTime=1754917716813&endTime=1754917717813
2025-08-11 13:08:36.816[1754917716816] | INFO  | main       | c.b.c.f.client.utils.RequestHandler  - GET http://localhost:39145//futures/data/openInterestHist?symbol=BNBUSDT&period=5m
2025-08-11 13:08:36.823[1754917716823] | INFO  | main       | c.b.c.f.client.utils.RequestHandler  - GET http://localhost:34589//fapi/v1/klines?symbol=BNBUSDT&interval=1m&limit=1000&startTime=1754917716823&endTime=1754917717823
2025-08-11 13:08:36.826[1754917716826] | INFO  | main       | c.b.c.f.client.utils.RequestHandler  - GET http://localhost:42507//fapi/v1/klines?symbol=BNBUSDT&interval=1m
2025-08-11 13:08:36.832[1754917716832] | INFO  | main       | c.b.c.f.client.utils.RequestHandler  - GET http://localhost:56461//fapi/v1/historicalTrades?symbol=BNBUSDT&limit=1000&fromId=123
2025-08-11 13:08:36.836[1754917716836] | INFO  | main       | c.b.c.f.client.utils.RequestHandler  - GET http://localhost:44509//fapi/v1/historicalTrades?symbol=BNBUSDT
2025-08-11 13:08:36.838[1754917716838] | INFO  | main       | c.b.c.f.client.utils.RequestHandler  - GET http://localhost:52979//fapi/v1/assetIndex?symbol=ADAUSD
2025-08-11 13:08:36.840[1754917716840] | INFO  | main       | c.b.c.f.client.utils.RequestHandler  - GET http://localhost:42265//fapi/v1/assetIndex
2025-08-11 13:08:36.843[1754917716843] | INFO  | main       | c.b.c.f.client.utils.RequestHandler  - GET http://localhost:43377//futures/data/topLongShortAccountRatio?symbol=BNBUSDT&period=5m
2025-08-11 13:08:36.846[1754917716846] | INFO  | main       | c.b.c.f.client.utils.RequestHandler  - GET http://localhost:54753//futures/data/topLongShortAccountRatio?symbol=BNBUSDT&period=5m&limit=1000&startTime=1754917716845&endTime=1754917717845
2025-08-11 13:08:36.849[1754917716849] | INFO  | main       | c.b.c.f.client.utils.RequestHandler  - GET http://localhost:59237//futures/data/takerlongshortRatio?symbol=BNBUSDT&period=5m&limit=1000&startTime=1754917716848&endTime=1754917717848
2025-08-11 13:08:36.852[1754917716852] | INFO  | main       | c.b.c.f.client.utils.RequestHandler  - GET http://localhost:42127//futures/data/takerlongshortRatio?symbol=BNBUSDT&period=5m
2025-08-11 13:08:36.854[1754917716854] | INFO  | main       | c.b.c.f.client.utils.RequestHandler  - GET http://localhost:34177//fapi/v1/exchangeInfo
2025-08-11 13:08:36.858[1754917716858] | INFO  | main       | c.b.c.f.client.utils.RequestHandler  - GET http://localhost:52871//fapi/v1/indexInfo?symbol=DEFIUSDT
2025-08-11 13:08:36.860[1754917716860] | INFO  | main       | c.b.c.f.client.utils.RequestHandler  - GET http://localhost:50435//fapi/v1/indexInfo
2025-08-11 13:15:43.463[1754918143463] | INFO  | main       | c.b.c.f.client.utils.RequestHandler  - DELETE http://localhost:52115//dapi/v1/listenKey
2025-08-11 13:15:43.734[1754918143734] | INFO  | main       | c.b.c.f.client.utils.RequestHandler  - PUT http://localhost:42883//dapi/v1/listenKey
2025-08-11 13:15:43.752[1754918143752] | INFO  | main       | c.b.c.f.client.utils.RequestHandler  - POST http://localhost:33841//dapi/v1/listenKey
2025-08-11 13:15:43.781[1754918143781] | INFO  | main       | c.b.c.f.client.utils.RequestHandler  - GET http://localhost:55569//dapi/v1/pmAccountInfo?asset=BTC&timestamp=1754918143773&signature=b966d556c182f4dba6eb988d7cc375f9f63cbadb330a90947b769173857fb84d
2025-08-11 13:15:43.807[1754918143807] | INFO  | main       | c.b.c.f.client.utils.RequestHandler  - GET http://localhost:60907//dapi/v1/pmExchangeInfo?timestamp=1754918143807&signature=10a3dfe68eb3ce13a45c3773b12053f902ff934090d55aa70b9b6d37dd76bfd6
2025-08-11 13:15:43.822[1754918143822] | INFO  | main       | c.b.c.f.client.utils.RequestHandler  - GET http://localhost:56735//dapi/v1/pmExchangeInfo?symbol=BNBUSDT&timestamp=1754918143822&signature=4caaca37c1982e3ebc3fad3a1373dcc7545228b6ea2a81ba5c85dbf95a71f32c
2025-08-11 13:15:43.840[1754918143840] | INFO  | main       | c.b.c.f.client.utils.RequestHandler  - GET http://localhost:53263//dapi/v1/leverageBracket?pair=BNBUSD&timestamp=1754918143840&signature=c9e6b7e9ed93cc4561af427f101b8fecdc489ebe570e356ed510a40764b7b3c0
2025-08-11 13:15:43.853[1754918143853] | INFO  | main       | c.b.c.f.client.utils.RequestHandler  - GET http://localhost:52911//dapi/v1/leverageBracket?timestamp=1754918143852&signature=8cd1cb92c24098c8e95de6a3e9dcd2a375cb9680cfe6f9386579939d99f17fca
2025-08-11 13:15:43.867[1754918143867] | INFO  | main       | c.b.c.f.client.utils.RequestHandler  - GET http://localhost:34421//dapi/v1/userTrades?symbol=bnbusd_perpetual&timestamp=1754918143867&signature=1d4f533483e8736fa6ebc81b912f52bf3d0dbcbe7c6681e6c00d680c0aa35cdd
2025-08-11 13:15:43.883[1754918143883] | INFO  | main       | c.b.c.f.client.utils.RequestHandler  - GET http://localhost:44813//dapi/v1/account?timestamp=1754918143883&signature=f76b0644d9b18c5508d98055bc59d132a1d77df59f93f370e509bdf0167068a4
2025-08-11 13:15:43.896[1754918143896] | INFO  | main       | c.b.c.f.client.utils.RequestHandler  - GET http://localhost:35711//dapi/v2/leverageBracket?timestamp=1754918143895&signature=e6d6ea99429907091be16d8a0cc49ff8fcc89a5ffbc5076e0476f0822a342ea6
2025-08-11 13:15:43.901[1754918143901] | INFO  | main       | c.b.c.f.client.utils.RequestHandler  - GET http://localhost:34583//dapi/v2/leverageBracket?symbol=BNBUSD_PERP&timestamp=1754918143900&signature=7d580ce2143d47a6e562a65a17157afb6fdce545c3836d83040f444e13b4e7fb
2025-08-11 13:15:43.913[1754918143913] | INFO  | main       | c.b.c.f.client.utils.RequestHandler  - GET http://localhost:58511//dapi/v1/openOrders?symbol=BNBUSDT&timestamp=1754918143913&signature=ab3a75972f2bafbb05bc4ef9d7a50641807298bdb0b8b801a9f000aac986af75
2025-08-11 13:15:43.919[1754918143919] | INFO  | main       | c.b.c.f.client.utils.RequestHandler  - GET http://localhost:48031//dapi/v1/openOrders?timestamp=1754918143919&signature=5841f3e03362ed98fe70c1b1fc979d7718ae3e087404a9c5ebe2b9cbf8755942
2025-08-11 13:15:43.932[1754918143932] | INFO  | main       | c.b.c.f.client.utils.RequestHandler  - DELETE http://localhost:53499//dapi/v1/batchOrders?symbol=BNBUSDT&orderIdList=&timestamp=1754918143932&signature=41304c84ec4c92fdca94c57cdadc3522870c7be807a6de3075c4b737abb66855
2025-08-11 13:15:43.951[1754918143951] | INFO  | main       | c.b.c.f.client.utils.RequestHandler  - DELETE http://localhost:55137//dapi/v1/order?symbol=BNBUSD_PERP&orderId=&timestamp=1754918143950&signature=2fee15d7aa726e5e62bc607a938a57f3d46ba28179929f59629ad6d181ad3c58
2025-08-11 13:15:43.960[1754918143960] | INFO  | main       | c.b.c.f.client.utils.RequestHandler  - DELETE http://localhost:57051//dapi/v1/order?symbol=BNBUSD_PERP&orderId=123&origClientOrderId=456&timestamp=1754918143959&signature=5209111f063d1ba4579fd1885fe92cc3c65d6654c183bc2e24186cf66bca21d1
2025-08-11 13:15:43.969[1754918143969] | INFO  | main       | c.b.c.f.client.utils.RequestHandler  - POST http://localhost:39219//dapi/v1/leverage?symbol=BNBUSDT&leverage=20&timestamp=1754918143969&signature=3642f58c24d5045e6c7af00fd07522a639c2468bdf13e3e41f9c05db47ea87a5
2025-08-11 13:15:43.986[1754918143986] | INFO  | main       | c.b.c.f.client.utils.RequestHandler  - GET http://localhost:46113//dapi/v1/order?symbol=BNBUSD_PERP&orderId=123&timestamp=1754918143985&signature=50a3fdf715669a9c67c75dbf41cfa7c379ddb82364355bcba925b3f519c372ed
2025-08-11 13:15:43.990[1754918143990] | INFO  | main       | c.b.c.f.client.utils.RequestHandler  - GET http://localhost:43217//dapi/v1/order?symbol=BNBUSDT&origClientOrderId=123&timestamp=1754918143990&signature=b17ccac7d8efac00df4af7403ffae80d61e1c58fe17f2b829a144078d2b1da91
2025-08-11 13:15:43.997[1754918143997] | INFO  | main       | c.b.c.f.client.utils.RequestHandler  - POST http://localhost:37771//dapi/v1/countdownCancelAll?symbol=BNBUSDT&countdownTime=10000&timestamp=1754918143996&signature=54bbff140b3fa54367c9b7b18a9066d0a3874b533de4f7c96cf856c51494e477
2025-08-11 13:15:44.004[1754918144004] | INFO  | main       | c.b.c.f.client.utils.RequestHandler  - GET http://localhost:38355//dapi/v1/leverageBracket?timestamp=1754918144003&signature=65b3e1ba47f4698d5b4350ec6f7e8fb9b980c9507666bf6c98ba905aaec7a819
2025-08-11 13:15:44.008[1754918144008] | INFO  | main       | c.b.c.f.client.utils.RequestHandler  - GET http://localhost:55689//dapi/v1/leverageBracket?symbol=BNBUSDT&timestamp=1754918144008&signature=5e72ea5115dea7b9ba8e3f6c55e8ecfe59b3fe120863884f61404d15d8a81ffd
2025-08-11 13:15:44.014[1754918144014] | INFO  | main       | c.b.c.f.client.utils.RequestHandler  - GET http://localhost:59757//dapi/v1/balance?timestamp=1754918144014&signature=81b05c752bb53146e87b0b96781aba55ecca715a3e4cfa924d3fa512731e81ff
2025-08-11 13:15:44.020[1754918144020] | INFO  | main       | c.b.c.f.client.utils.RequestHandler  - GET http://localhost:34559//dapi/v1/income?symbol=BNBUSDT&timestamp=1754918144019&signature=a754b7541813fb788e16aa5a17dc9c9859e4c84b15e6ac9ec07700c04468bf83
2025-08-11 13:15:44.028[1754918144028] | INFO  | main       | c.b.c.f.client.utils.RequestHandler  - GET http://localhost:43145//dapi/v1/income?timestamp=1754918144027&signature=00c475b2f0e02e777e08d547bdbe3e7491ea7d832b6bc26194c78ddb9d42aafe
2025-08-11 13:15:44.038[1754918144038] | INFO  | main       | c.b.c.f.client.utils.RequestHandler  - GET http://localhost:34343//dapi/v1/forceOrders?symbol=BNBUSDT&timestamp=1754918144037&signature=3b60cdb052ce2d07e32ba0e24a36e4698e07879f9e419ad7504ac144fe5c2fa3
2025-08-11 13:15:44.045[1754918144045] | INFO  | main       | c.b.c.f.client.utils.RequestHandler  - GET http://localhost:54657//dapi/v1/forceOrders?timestamp=1754918144044&signature=6b012ba9eda361a3a8c27d4bf5f579e65f14e0a3f4afe92096022a800cc62c6c
2025-08-11 13:15:44.054[1754918144054] | INFO  | main       | c.b.c.f.client.utils.RequestHandler  - GET http://localhost:55105//dapi/v1/allOrders?symbol=bnbusd_perpetual&timestamp=1754918144054&signature=f3f2695d4b104d6732d339fa4cd5d1d51860ebb0daed2d33890b5ddb7e64f5bc
2025-08-11 13:15:44.065[1754918144065] | INFO  | main       | c.b.c.f.client.utils.RequestHandler  - GET http://localhost:47539//dapi/v1/commissionRate?symbol=BNBUSDT&timestamp=1754918144065&signature=9343737161f6bc5992f98109a3fbdbc4ad0280d08617d84d51f2022d9aa94c36
2025-08-11 13:15:44.071[1754918144071] | INFO  | main       | c.b.c.f.client.utils.RequestHandler  - GET http://localhost:48249//dapi/v1/positionMargin/history?symbol=BNBUSDT&timestamp=1754918144070&signature=9def60e9a6dd0fe3f5147988722e65a6f4aebc5dc48b6afcf9337ba215f63d70
2025-08-11 13:15:44.084[1754918144084] | INFO  | main       | c.b.c.f.client.utils.RequestHandler  - GET http://localhost:44421//dapi/v1/adlQuantile?timestamp=1754918144084&signature=8cf47b3e14ca840935aaeba1c0e75e896fd97a488a1d939a608143934bd3d919
2025-08-11 13:15:44.088[1754918144088] | INFO  | main       | c.b.c.f.client.utils.RequestHandler  - GET http://localhost:58349//dapi/v1/adlQuantile?symbol=BNBUSDT&timestamp=1754918144088&signature=0e4d3009a0834f0c1c563d7b144151ba000a35c6fb0d77c511b26a5a83b713fc
2025-08-11 13:15:44.097[1754918144097] | INFO  | main       | c.b.c.f.client.utils.RequestHandler  - GET http://localhost:53667//dapi/v1/positionSide/dual?timestamp=1754918144097&signature=61c20da264ec925abaac7961ce2db777b7e125f0ef6309b63e2379d819a826f4
2025-08-11 13:15:44.103[1754918144103] | INFO  | main       | c.b.c.f.client.utils.RequestHandler  - POST http://localhost:52263//dapi/v1/positionSide/dual?dualSidePosition=true&timestamp=1754918144103&signature=fa4c14f313ccdc09b38d808c535a56a54613914ec343a9e2aa9523978466de6b
2025-08-11 13:15:44.120[1754918144120] | INFO  | main       | c.b.c.f.client.utils.RequestHandler  - POST http://localhost:49705//dapi/v1/positionMargin?symbol=BNBUSDT&amount=100.0&type=1&timestamp=1754918144120&signature=68a55d742e1eeca5348e27dd05318e87e97a0f615ea9187664b18b851f22e9c8
2025-08-11 13:15:44.127[1754918144127] | INFO  | main       | c.b.c.f.client.utils.RequestHandler  - PUT http://localhost:38307//dapi/v1/order?orderId=123456&symbol=BNBUSD_PERP&side=BUY&timestamp=1754918144127&signature=ba2cc8d0ef527bc0223b69a26985bfb7fb063d0097881d9ffd2c335346271f8a
2025-08-11 13:15:44.137[1754918144137] | INFO  | main       | c.b.c.f.client.utils.RequestHandler  - GET http://localhost:43789//dapi/v1/openOrder?symbol=BNBUSDT&orderId=123&timestamp=1754918144137&signature=ba33d248763dec5d7e18d27e0aef393f99929689d22d6672e8ebf680d5b3990c
2025-08-11 13:15:44.142[1754918144142] | INFO  | main       | c.b.c.f.client.utils.RequestHandler  - GET http://localhost:46715//dapi/v1/openOrder?symbol=BNBUSDT&origClientOrderId=123&timestamp=1754918144142&signature=459be15354e43593056850cc2e617a6b2c86e337fe5b552fc1fa063d4b1af478
2025-08-11 13:15:44.155[1754918144155] | INFO  | main       | c.b.c.f.client.utils.RequestHandler  - GET http://localhost:35339//dapi/v1/orderAmendment?orderId=123456&symbol=BNBUSD_PERP&side=BUY&timestamp=1754918144155&signature=929fc8b072d55bbc4aea1a130728ca268a65013060f0f5b013ed83e7b9401b28
2025-08-11 13:15:44.164[1754918144164] | INFO  | main       | c.b.c.f.client.utils.RequestHandler  - POST http://localhost:41639//dapi/v1/order?symbol=BNBUSDT&side=BUY&type=MARKET&quantity=0.01&timestamp=1754918144163&signature=0ed0d7ffe80adb25cb2e92bde0450aedc5433e9cbafe4957cd6245b801b9a7fc
2025-08-11 13:15:44.169[1754918144169] | INFO  | main       | c.b.c.f.client.utils.RequestHandler  - GET http://localhost:43749//dapi/v1/positionRisk?timestamp=1754918144169&signature=44d25ad3f836a9c00cf52c32e5e76091c99a7fd8379542084a7b5152e93c1e41
2025-08-11 13:15:44.176[1754918144176] | INFO  | main       | c.b.c.f.client.utils.RequestHandler  - GET http://localhost:49651//dapi/v1/positionRisk?pair=bnbusd_perpetual&timestamp=1754918144175&signature=5c19dfcd963e4c969905141a0731c04e8e628d296d7c3ee98e39eda011760256
2025-08-11 13:15:44.185[1754918144185] | INFO  | main       | c.b.c.f.client.utils.RequestHandler  - DELETE http://localhost:35401//dapi/v1/allOpenOrders?symbol=BNBUSDT&timestamp=1754918144185&signature=9b505872b00e7ba1e1d1b4ebd8121e7dbde87b75e68528b8f1320c968d179f26
2025-08-11 13:15:44.199[1754918144199] | INFO  | main       | c.b.c.f.client.utils.RequestHandler  - GET http://localhost:34641//dapi/v1/markPriceKlines?symbol=bnbusd_perpetual&interval=1m&limit=1000&startTime=1754918144199&endTime=1754918145199
2025-08-11 13:15:44.204[1754918144204] | INFO  | main       | c.b.c.f.client.utils.RequestHandler  - GET http://localhost:50757//dapi/v1/markPriceKlines?symbol=bnbusd_perpetual&interval=1m
2025-08-11 13:15:44.210[1754918144210] | INFO  | main       | c.b.c.f.client.utils.RequestHandler  - GET http://localhost:39395//futures/data/openInterestHist?pair=bnbusd_perpetual&period=5m&limit=1000&startTime=1754918144209&endTime=1754918145209
2025-08-11 13:15:44.213[1754918144213] | INFO  | main       | c.b.c.f.client.utils.RequestHandler  - GET http://localhost:56875//futures/data/openInterestHist?pair=bnbusd_perpetual&period=5m
2025-08-11 13:15:44.239[1754918144239] | INFO  | main       | c.b.c.f.client.utils.RequestHandler  - GET http://localhost:41291//futures/data/topLongShortAccountRatio?pair=btcusd_perpetual&period=5m
2025-08-11 13:15:44.242[1754918144242] | INFO  | main       | c.b.c.f.client.utils.RequestHandler  - GET http://localhost:35765//futures/data/topLongShortAccountRatio?pair=btcusd_perpetual&period=5m&limit=1000&startTime=1754918144242&endTime=1754918145242
2025-08-11 13:15:44.252[1754918144252] | INFO  | main       | c.b.c.f.client.utils.RequestHandler  - GET http://localhost:51913//dapi/v1/klines?symbol=BNBUSDT&interval=1m&limit=1000&startTime=1754918144251&endTime=1754918145251
2025-08-11 13:15:44.258[1754918144258] | INFO  | main       | c.b.c.f.client.utils.RequestHandler  - GET http://localhost:38031//dapi/v1/klines?symbol=BNBUSDT&interval=1m
2025-08-11 13:15:44.263[1754918144263] | INFO  | main       | c.b.c.f.client.utils.RequestHandler  - GET http://localhost:42665//dapi/v1/ticker/bookTicker?symbol=BNBUSDT
2025-08-11 13:15:44.266[1754918144266] | INFO  | main       | c.b.c.f.client.utils.RequestHandler  - GET http://localhost:49449//dapi/v1/ticker/bookTicker
2025-08-11 13:15:44.271[1754918144271] | INFO  | main       | c.b.c.f.client.utils.RequestHandler  - GET http://localhost:43633//dapi/v1/ping
2025-08-11 13:15:44.276[1754918144276] | INFO  | main       | c.b.c.f.client.utils.RequestHandler  - GET http://localhost:42193//dapi/v1/trades?symbol=BNBUSDT&limit=1000
2025-08-11 13:15:44.280[1754918144280] | INFO  | main       | c.b.c.f.client.utils.RequestHandler  - GET http://localhost:51735//dapi/v1/trades?symbol=BNBUSDT
2025-08-11 13:15:44.284[1754918144284] | INFO  | main       | c.b.c.f.client.utils.RequestHandler  - GET http://localhost:37497//dapi/v1/fundingRate?symbol=BNBUSDT&limit=1000&startTime=1754918144284&endTime=1754918145284
2025-08-11 13:15:44.289[1754918144289] | INFO  | main       | c.b.c.f.client.utils.RequestHandler  - GET http://localhost:54039//dapi/v1/fundingRate
2025-08-11 13:15:44.299[1754918144299] | INFO  | main       | c.b.c.f.client.utils.RequestHandler  - GET http://localhost:55407//dapi/v1/aggTrades?symbol=BNBUSDT&fromId=1000
2025-08-11 13:15:44.302[1754918144302] | INFO  | main       | c.b.c.f.client.utils.RequestHandler  - GET http://localhost:55439//dapi/v1/aggTrades?symbol=BNBUSDT&limit=1000
2025-08-11 13:15:44.305[1754918144305] | INFO  | main       | c.b.c.f.client.utils.RequestHandler  - GET http://localhost:47937//dapi/v1/aggTrades?symbol=BNBUSDT
2025-08-11 13:15:44.308[1754918144308] | INFO  | main       | c.b.c.f.client.utils.RequestHandler  - GET http://localhost:51895//dapi/v1/aggTrades?symbol=BNBUSDT&startTime=1754918144308&endTime=1754918145308
2025-08-11 13:15:44.315[1754918144315] | INFO  | main       | c.b.c.f.client.utils.RequestHandler  - GET http://localhost:40011//dapi/v1/premiumIndex?symbol=BNBUSDT
2025-08-11 13:15:44.323[1754918144323] | INFO  | main       | c.b.c.f.client.utils.RequestHandler  - GET http://localhost:49197//dapi/v1/premiumIndex
2025-08-11 13:15:44.337[1754918144337] | INFO  | main       | c.b.c.f.client.utils.RequestHandler  - GET http://localhost:53947//futures/data/basis?pair=BTCUSD&contractType=PERPETUAL&period=1m
2025-08-11 13:15:44.344[1754918144344] | INFO  | main       | c.b.c.f.client.utils.RequestHandler  - GET http://localhost:58773//dapi/v1/ticker/24hr?pair=bnbusd_perpetual
2025-08-11 13:15:44.348[1754918144348] | INFO  | main       | c.b.c.f.client.utils.RequestHandler  - GET http://localhost:44887//dapi/v1/ticker/24hr
2025-08-11 13:15:44.352[1754918144352] | INFO  | main       | c.b.c.f.client.utils.RequestHandler  - GET http://localhost:50507//futures/data/globalLongShortAccountRatio?pair=BTCUSD&period=5m&limit=1000&startTime=1754918144352&endTime=1754918145352
2025-08-11 13:15:44.357[1754918144357] | INFO  | main       | c.b.c.f.client.utils.RequestHandler  - GET http://localhost:38887//futures/data/globalLongShortAccountRatio?pair=BTCUSD&period=5m
2025-08-11 13:15:44.362[1754918144362] | INFO  | main       | c.b.c.f.client.utils.RequestHandler  - GET http://localhost:41839//dapi/v1/indexPriceKlines?pair=BNBUSDT&interval=1m
2025-08-11 13:15:44.364[1754918144364] | INFO  | main       | c.b.c.f.client.utils.RequestHandler  - GET http://localhost:33009//dapi/v1/indexPriceKlines?pair=BNBUSDT&interval=1m&limit=1000&startTime=1754918144364&endTime=1754918145364
2025-08-11 13:15:44.370[1754918144370] | INFO  | main       | c.b.c.f.client.utils.RequestHandler  - GET http://localhost:41929//dapi/v1/continuousKlines?pair=BNBUSDT&contractType=PERPETUAL&interval=1m
2025-08-11 13:15:44.373[1754918144373] | INFO  | main       | c.b.c.f.client.utils.RequestHandler  - GET http://localhost:43683//dapi/v1/continuousKlines?pair=BNBUSDT&contractType=PERPETUAL&interval=1m&limit=1000&startTime=1754918144372&endTime=1754918145372
2025-08-11 13:15:44.381[1754918144381] | INFO  | main       | c.b.c.f.client.utils.RequestHandler  - GET http://localhost:42449//dapi/v1/openInterest?symbol=BNBUSDT
2025-08-11 13:15:44.392[1754918144392] | INFO  | main       | c.b.c.f.client.utils.RequestHandler  - GET http://localhost:56111//dapi/v1/depth?symbol=BNBUSDT
2025-08-11 13:15:44.396[1754918144396] | INFO  | main       | c.b.c.f.client.utils.RequestHandler  - GET http://localhost:60493//dapi/v1/depth?symbol=BNBUSDT&limit=10
2025-08-11 13:15:44.400[1754918144400] | INFO  | main       | c.b.c.f.client.utils.RequestHandler  - GET http://localhost:48123//dapi/v1/exchangeInfo
2025-08-11 13:15:44.407[1754918144407] | INFO  | main       | c.b.c.f.client.utils.RequestHandler  - GET http://localhost:47099//dapi/v1/ticker/price
2025-08-11 13:15:44.413[1754918144413] | INFO  | main       | c.b.c.f.client.utils.RequestHandler  - GET http://localhost:47773//dapi/v1/ticker/price?pair=bnbusd_perpetual
2025-08-11 13:15:44.418[1754918144418] | INFO  | main       | c.b.c.f.client.utils.RequestHandler  - GET http://localhost:56717//dapi/v1/time
2025-08-11 13:15:44.427[1754918144427] | INFO  | main       | c.b.c.f.client.utils.RequestHandler  - GET http://localhost:33785//futures/data/topLongShortPositionRatio?pair=bnbusd_perpetual&period=5m
2025-08-11 13:15:44.429[1754918144429] | INFO  | main       | c.b.c.f.client.utils.RequestHandler  - GET http://localhost:56473//futures/data/topLongShortPositionRatio?pair=bnbusd_perpetual&period=5m&limit=1000&startTime=1754918144429&endTime=1754918145429
2025-08-11 13:15:44.433[1754918144433] | INFO  | main       | c.b.c.f.client.utils.RequestHandler  - GET http://localhost:46135//dapi/v1/historicalTrades?symbol=BNBUSDT&limit=1000&fromId=123
2025-08-11 13:15:44.438[1754918144438] | INFO  | main       | c.b.c.f.client.utils.RequestHandler  - GET http://localhost:57081//dapi/v1/historicalTrades?symbol=BNBUSDT
2025-08-11 13:15:44.442[1754918144442] | INFO  | main       | c.b.c.f.client.utils.RequestHandler  - POST http://localhost:34587//sapi/v1/sub-account/universalTransfer?fromAccountType=SPOT&toAccountType=COIN_FUTURE&asset=BTC&amount=0.5&timestamp=1754918144442&signature=0694747516ff5e29723f66123274e8167d62b8eb0c2b87ebdec9bf1727117313
2025-08-11 13:15:44.445[1754918144445] | INFO  | main       | c.b.c.f.client.utils.RequestHandler  - GET http://localhost:36945//sapi/v1/sub-account/universalTransfer?timestamp=1754918144444&signature=6a45683cd1e370523d6f4bad3c4f7b204831f1455ad0d7764a45c4447999d42c
2025-08-11 13:15:44.506[1754918144506] | INFO  | main       | c.b.c.f.client.utils.RequestHandler  - DELETE http://localhost:59409//fapi/v1/listenKey
2025-08-11 13:15:44.514[1754918144514] | INFO  | main       | c.b.c.f.client.utils.RequestHandler  - PUT http://localhost:51065//fapi/v1/listenKey
2025-08-11 13:15:44.524[1754918144524] | INFO  | main       | c.b.c.f.client.utils.RequestHandler  - POST http://localhost:57393//fapi/v1/listenKey
2025-08-11 13:15:44.535[1754918144535] | INFO  | main       | c.b.c.f.client.utils.RequestHandler  - GET http://localhost:48167//fapi/v1/income?symbol=BNBUSDT&timestamp=1754918144535&signature=af4374ad7da7b8d42d789ad1a260508a69324dca9e9175a423054fb65c38f607
2025-08-11 13:15:44.539[1754918144539] | INFO  | main       | c.b.c.f.client.utils.RequestHandler  - GET http://localhost:59391//fapi/v1/income?timestamp=1754918144539&signature=d6bfc416431a6980d591d80c4e5696c011113e9321102724c959ba2d63910d85
2025-08-11 13:15:44.545[1754918144545] | INFO  | main       | c.b.c.f.client.utils.RequestHandler  - POST http://localhost:42197//fapi/v1/countdownCancelAll?symbol=BNBUSDT&countdownTime=10000&timestamp=1754918144545&signature=7c9b0d0befcfc90abfa3c7cac5a7ac3bf5307c6547ed60a9170aaae4cb4569da
2025-08-11 13:15:44.549[1754918144549] | INFO  | main       | c.b.c.f.client.utils.RequestHandler  - POST http://localhost:39377//fapi/v1/positionMargin?symbol=BNBUSDT&amount=100.0&type=1&timestamp=1754918144549&signature=ae9120f7656aa373cb78d61973cfb92ae558cf1b3c96b09fb77cada911938c25
2025-08-11 13:15:44.553[1754918144553] | INFO  | main       | c.b.c.f.client.utils.RequestHandler  - GET http://localhost:38479//fapi/v1/allOrders?symbol=BNBUSDT&timestamp=1754918144553&signature=c66bc5da12d1ec46e9bc5fa8462dfd5af7dfb5da8a49cd6a17461d838fb2d782
2025-08-11 13:15:44.561[1754918144561] | INFO  | main       | c.b.c.f.client.utils.RequestHandler  - GET http://localhost:60913//fapi/v2/balance?timestamp=1754918144561&signature=0cff0fa164c75ea74be72c7d4e506f9da2ece6ce871b8deeb853be8662b0cf2e
2025-08-11 13:15:44.565[1754918144565] | INFO  | main       | c.b.c.f.client.utils.RequestHandler  - GET http://localhost:59057//fapi/v1/userTrades?symbol=BNBUSDT&timestamp=1754918144565&signature=55f1572619ad0c3ea330de3df1a81d46e86fecdb274d33109b8f92c8eb65aeba
2025-08-11 13:15:44.577[1754918144577] | INFO  | main       | c.b.c.f.client.utils.RequestHandler  - GET http://localhost:53265//fapi/v1/multiAssetsMargin?timestamp=1754918144577&signature=04c5e777ec459c89c16473c4fd0703d43e5675137d83ca80c8f76ed6f1e8d633
2025-08-11 13:15:44.582[1754918144582] | INFO  | main       | c.b.c.f.client.utils.RequestHandler  - POST http://localhost:43447//fapi/v1/leverage?symbol=BNBUSDT&leverage=20&timestamp=1754918144582&signature=4279a723577de6f109198fc7fd82b3922049a64d810307085978bdb4ef977bf2
2025-08-11 13:15:44.600[1754918144600] | INFO  | main       | c.b.c.f.client.utils.RequestHandler  - POST http://localhost:56153//fapi/v1/positionSide/dual?dualSidePosition=true&timestamp=1754918144600&signature=71438ea2385957d6a3f75238c3afd595b36b6df59e129cfe795deeccffcd278a
2025-08-11 13:15:44.606[1754918144606] | INFO  | main       | c.b.c.f.client.utils.RequestHandler  - POST http://localhost:46403//fapi/v1/order?symbol=BNBUSDT&side=BUY&type=MARKET&quantity=0.01&timestamp=1754918144606&signature=2e3462d96465e34e37f705706842589a664a7b392284259dcadba6e9b0956913
2025-08-11 13:15:44.610[1754918144610] | INFO  | main       | c.b.c.f.client.utils.RequestHandler  - GET http://localhost:35519//fapi/v1/positionSide/dual?timestamp=1754918144610&signature=b32a7896dcb5b305ca16758ba414e9dafab402349a4c895bd5e71d0fdbdb6ce6
2025-08-11 13:15:44.613[1754918144613] | INFO  | main       | c.b.c.f.client.utils.RequestHandler  - GET http://localhost:50413//fapi/v1/leverageBracket?symbol=BNBUSDT&timestamp=1754918144613&signature=2889da3545825ace2d00c2fc038717677627a770eb747de242e56a6dcb6f1ec7
2025-08-11 13:15:44.619[1754918144619] | INFO  | main       | c.b.c.f.client.utils.RequestHandler  - GET http://localhost:46551//fapi/v1/leverageBracket?timestamp=1754918144619&signature=4469f1abc3f41c790bc7f4b151972dfd8554c898534fe37bac971d0d053e2fa3
2025-08-11 13:15:44.624[1754918144624] | INFO  | main       | c.b.c.f.client.utils.RequestHandler  - POST http://localhost:51031//fapi/v1/multiAssetsMargin?dualSidePosition=true&timestamp=1754918144624&signature=a941f1fecf4698f47584e273de202a3f2a08cb565e918fa1016af25192450950
2025-08-11 13:15:44.630[1754918144630] | INFO  | main       | c.b.c.f.client.utils.RequestHandler  - GET http://localhost:44467//fapi/v1/income/asyn?startTime=1754918144630&endTime=1754918145630&timestamp=1754918144630&signature=88ec0e0814a96e08d8c3e601b0f9565c09e5cfbd526a029f9c8939d004dcfc57
2025-08-11 13:15:44.633[1754918144633] | INFO  | main       | c.b.c.f.client.utils.RequestHandler  - GET http://localhost:48667//fapi/v1/income/asyn?timestamp=1754918144633&signature=af1c08db3a2c0d96d2caf9e6c468c76fa79dc744b8283738be6a0e9ca9ea679c
2025-08-11 13:15:44.639[1754918144639] | INFO  | main       | c.b.c.f.client.utils.RequestHandler  - DELETE http://localhost:43757//fapi/v1/batchOrders?symbol=BNBUSDT&orderIdList=&timestamp=1754918144639&signature=47db5d5f434131b9960e7817c2bcc34b88be29735e5741eee6457a8a7491ddc9
2025-08-11 13:15:44.642[1754918144642] | INFO  | main       | c.b.c.f.client.utils.RequestHandler  - GET http://localhost:56657//fapi/v1/forceOrders?symbol=BNBUSDT&timestamp=1754918144642&signature=f6bf8638ef094625aeae3b4160b385079d19201bd3ea8c2f3b0404d5834e7789
2025-08-11 13:15:44.645[1754918144645] | INFO  | main       | c.b.c.f.client.utils.RequestHandler  - GET http://localhost:39843//fapi/v1/forceOrders?timestamp=1754918144645&signature=cc5b12503917b618628301859f7bbadc5ea76396c81f9d7d0167b622c3621446
2025-08-11 13:15:44.651[1754918144651] | INFO  | main       | c.b.c.f.client.utils.RequestHandler  - GET http://localhost:48919//fapi/v1/openOrder?symbol=BNBUSDT&orderId=123&timestamp=1754918144650&signature=e2cc5ccd3ff6b4bcd07affbdbac6f2739cd787132e2ab1ed26f9853e14773d31
2025-08-11 13:15:44.653[1754918144653] | INFO  | main       | c.b.c.f.client.utils.RequestHandler  - GET http://localhost:49373//fapi/v1/openOrder?symbol=BNBUSDT&origClientOrderId=123&timestamp=1754918144653&signature=dbb1539d453a50cc449febeb9b27406b13c7f7f3b7f7f4c635dce03809b15e91
2025-08-11 13:15:44.656[1754918144656] | INFO  | main       | c.b.c.f.client.utils.RequestHandler  - GET http://localhost:59611//fapi/v1/openOrders?symbol=BNBUSDT&timestamp=1754918144656&signature=a5295056269a9f8abdfd40d8b200a846ba57bfd0a1ce6972494126bb93bff10d
2025-08-11 13:15:44.659[1754918144659] | INFO  | main       | c.b.c.f.client.utils.RequestHandler  - GET http://localhost:55203//fapi/v1/openOrders?timestamp=1754918144659&signature=e42ffb101ec780a1d934c4b174c3ef1abaffcc119884449de2da493bdb2ac7bc
2025-08-11 13:15:44.662[1754918144662] | INFO  | main       | c.b.c.f.client.utils.RequestHandler  - GET http://localhost:38989//fapi/v1/leverageBracket?timestamp=1754918144662&signature=b46c3781bd5cbb56454c3c15a619bf81ec3f3bfd829d35d1b21f7fc0fb1c9232
2025-08-11 13:15:44.665[1754918144665] | INFO  | main       | c.b.c.f.client.utils.RequestHandler  - GET http://localhost:41753//fapi/v1/leverageBracket?symbol=BNBUSDT&timestamp=1754918144665&signature=dfaf00690ab68ab8d2e934ff66435521debd0b1317c931ce79143dfee1e2154c
2025-08-11 13:15:44.668[1754918144668] | INFO  | main       | c.b.c.f.client.utils.RequestHandler  - GET http://localhost:51511//fapi/v1/income/asyn/id?downloadId=545923594199212032&timestamp=1754918144668&signature=530fc1a75b93e6c39968898efde104e0755618a90e66e82169b8219fa460b426
2025-08-11 13:15:44.674[1754918144674] | INFO  | main       | c.b.c.f.client.utils.RequestHandler  - GET http://localhost:55721//fapi/v1/order?symbol=BNBUSDT&orderId=123&timestamp=1754918144674&signature=8be588cb79461cba04114731607f895901171dc4650b58dda16e6567f01781e2
2025-08-11 13:15:44.676[1754918144676] | INFO  | main       | c.b.c.f.client.utils.RequestHandler  - GET http://localhost:50823//fapi/v1/order?symbol=BNBUSDT&origClientOrderId=123&timestamp=1754918144676&signature=a025f202ca33f897a70e468981c1267af9cbaae6ab53bd841c75b1d3e915b66c
2025-08-11 13:15:44.680[1754918144680] | INFO  | main       | c.b.c.f.client.utils.RequestHandler  - GET http://localhost:36219//fapi/v1/commissionRate?symbol=BNBUSDT&timestamp=1754918144679&signature=935b8ac1bebf1805a43c8c1bb92fa97610e1e33a9ea3784dc3b6320febe75d82
2025-08-11 13:15:44.683[1754918144683] | INFO  | main       | c.b.c.f.client.utils.RequestHandler  - GET http://localhost:34537//fapi/v1/positionMargin/history?symbol=BNBUSDT&timestamp=1754918144683&signature=903ba8ea83941e2e91b9be89b9ba7d66459c6645b10dbfbcb2a957c1beebcdec
2025-08-11 13:15:44.688[1754918144688] | INFO  | main       | c.b.c.f.client.utils.RequestHandler  - DELETE http://localhost:35771//fapi/v1/order?symbol=BNBUSDT&orderId=&timestamp=1754918144688&signature=4a9a539bb1fa3169ab457828c6deef873fcb0faba077d378bb84875fdaff7a57
2025-08-11 13:15:44.692[1754918144692] | INFO  | main       | c.b.c.f.client.utils.RequestHandler  - DELETE http://localhost:35063//fapi/v1/order?symbol=BNBUSDT&orderId=123&origClientOrderId=456&timestamp=1754918144691&signature=0fdec2f04002a9c4737d159132ca4a28536037024adbcf40ac200c432244e31b
2025-08-11 13:15:44.695[1754918144695] | INFO  | main       | c.b.c.f.client.utils.RequestHandler  - GET http://localhost:37397//fapi/v2/account?timestamp=1754918144695&signature=de34f2a3c801c2b3ae23fc096d8ea3097031589fac9410d45bfb176826166d57
2025-08-11 13:15:44.699[1754918144699] | INFO  | main       | c.b.c.f.client.utils.RequestHandler  - GET http://localhost:60523//fapi/v2/positionRisk?timestamp=1754918144699&signature=9f7c9e78cd0bab57ff9e91099f20cd28500dbb13c5307b532793cd2b4bda0ced
2025-08-11 13:15:44.701[1754918144701] | INFO  | main       | c.b.c.f.client.utils.RequestHandler  - GET http://localhost:51227//fapi/v2/positionRisk?symbol=BNBUSDT&timestamp=1754918144701&signature=3c80ef12c9ebf92c4305e9b57a8c848270dec4914bb8b95f51aa248a1dfef38b
2025-08-11 13:15:44.705[1754918144705] | INFO  | main       | c.b.c.f.client.utils.RequestHandler  - DELETE http://localhost:45685//fapi/v1/allOpenOrders?symbol=BNBUSDT&timestamp=1754918144705&signature=d977f4485cd357b0c6fac7c0a6ae785ce6adffd03952c8ab8abca7fe664b8586
2025-08-11 13:15:44.709[1754918144709] | INFO  | main       | c.b.c.f.client.utils.RequestHandler  - GET http://localhost:50701//fapi/v1/apiTradingStatus?timestamp=1754918144709&signature=d7eaabccaa37c58ed7c2f6d5313e616776b4d409e174a33bc32d70ec83bfbedd
2025-08-11 13:15:44.719[1754918144719] | INFO  | main       | c.b.c.f.client.utils.RequestHandler  - GET http://localhost:58457//fapi/v1/apiTradingStatus?symbol=BNBUSDT&timestamp=1754918144719&signature=c61db75046bddd36465ddb7bc5e4a3d18d7cf35666eae9f9ca98bc2da3efe9f2
2025-08-11 13:15:44.730[1754918144730] | INFO  | main       | c.b.c.f.client.utils.RequestHandler  - GET http://localhost:34313//fapi/v1/adlQuantile?timestamp=1754918144730&signature=e89bbb582a6eb521840b960502833c89e7ab7c2387d9ec756f244a4e344f1e87
2025-08-11 13:15:44.735[1754918144735] | INFO  | main       | c.b.c.f.client.utils.RequestHandler  - GET http://localhost:46143//fapi/v1/adlQuantile?symbol=BNBUSDT&timestamp=1754918144735&signature=1e1ad0f1eff9255b5a0e7f15c8922e311f1549f13a1a7898040794f302c4923f
2025-08-11 13:15:44.739[1754918144739] | INFO  | main       | c.b.c.f.client.utils.RequestHandler  - POST http://localhost:40971//fapi/v1/marginType?symbol=BNBUSDT&marginType=CROSSED&timestamp=1754918144739&signature=351ec3961d73624e588c41fe76515987c6092b6475ff7c6e541f306575838cfc
2025-08-11 13:15:44.754[1754918144754] | INFO  | main       | c.b.c.f.client.utils.RequestHandler  - GET http://localhost:44611//futures/data/globalLongShortAccountRatio?symbol=BNBUSDT&period=5m&limit=1000&startTime=1754918144753&endTime=1754918145753
2025-08-11 13:15:44.759[1754918144759] | INFO  | main       | c.b.c.f.client.utils.RequestHandler  - GET http://localhost:43563//futures/data/globalLongShortAccountRatio?symbol=BNBUSDT&period=5m
2025-08-11 13:15:44.763[1754918144763] | INFO  | main       | c.b.c.f.client.utils.RequestHandler  - GET http://localhost:36759//fapi/v1/depth?symbol=BNBUSDT
2025-08-11 13:15:44.765[1754918144765] | INFO  | main       | c.b.c.f.client.utils.RequestHandler  - GET http://localhost:45693//fapi/v1/depth?symbol=BNBUSDT&limit=10
2025-08-11 13:15:44.771[1754918144771] | INFO  | main       | c.b.c.f.client.utils.RequestHandler  - GET http://localhost:50719//fapi/v1/continuousKlines?pair=BNBUSDT&contractType=PERPETUAL&interval=1m
2025-08-11 13:15:44.775[1754918144775] | INFO  | main       | c.b.c.f.client.utils.RequestHandler  - GET http://localhost:59071//fapi/v1/continuousKlines?pair=BNBUSDT&contractType=PERPETUAL&interval=1m&limit=1000&startTime=1754918144774&endTime=1754918145774
2025-08-11 13:15:44.784[1754918144784] | INFO  | main       | c.b.c.f.client.utils.RequestHandler  - GET http://localhost:51667//fapi/v1/premiumIndex?symbol=BNBUSDT
2025-08-11 13:15:44.787[1754918144787] | INFO  | main       | c.b.c.f.client.utils.RequestHandler  - GET http://localhost:40145//fapi/v1/premiumIndex
2025-08-11 13:15:44.790[1754918144790] | INFO  | main       | c.b.c.f.client.utils.RequestHandler  - GET http://localhost:35323//fapi/v1/ticker/price
2025-08-11 13:15:44.792[1754918144792] | INFO  | main       | c.b.c.f.client.utils.RequestHandler  - GET http://localhost:43333//fapi/v1/ticker/price?symbol=BNBUSDT
2025-08-11 13:15:44.797[1754918144797] | INFO  | main       | c.b.c.f.client.utils.RequestHandler  - GET http://localhost:34093//fapi/v1/ticker/24hr?symbol=BNBUSDT
2025-08-11 13:15:44.800[1754918144800] | INFO  | main       | c.b.c.f.client.utils.RequestHandler  - GET http://localhost:38051//fapi/v1/ticker/24hr
2025-08-11 13:15:44.803[1754918144803] | INFO  | main       | c.b.c.f.client.utils.RequestHandler  - GET http://localhost:36365//fapi/v1/openInterest?symbol=BNBUSDT
2025-08-11 13:15:44.809[1754918144809] | INFO  | main       | c.b.c.f.client.utils.RequestHandler  - GET http://localhost:40179//fapi/v1/lvtKlines?symbol=BTCDOWN&interval=1m&limit=1000&startTime=1754918144808&endTime=1754918145808
2025-08-11 13:15:44.812[1754918144812] | INFO  | main       | c.b.c.f.client.utils.RequestHandler  - GET http://localhost:43283//fapi/v1/lvtKlines?symbol=BTCDOWN&interval=1m
2025-08-11 13:15:44.815[1754918144815] | INFO  | main       | c.b.c.f.client.utils.RequestHandler  - GET http://localhost:55495//fapi/v1/ticker/bookTicker?symbol=BNBUSDT
2025-08-11 13:15:44.817[1754918144817] | INFO  | main       | c.b.c.f.client.utils.RequestHandler  - GET http://localhost:38527//fapi/v1/ticker/bookTicker
2025-08-11 13:15:44.822[1754918144822] | INFO  | main       | c.b.c.f.client.utils.RequestHandler  - GET http://localhost:60667//fapi/v1/markPriceKlines?symbol=BNBUSDT&interval=1m&limit=1000&startTime=1754918144821&endTime=1754918145821
2025-08-11 13:15:44.825[1754918144825] | INFO  | main       | c.b.c.f.client.utils.RequestHandler  - GET http://localhost:40809//fapi/v1/markPriceKlines?symbol=BNBUSDT&interval=1m
2025-08-11 13:15:44.830[1754918144830] | INFO  | main       | c.b.c.f.client.utils.RequestHandler  - GET http://localhost:52957//fapi/v1/aggTrades?symbol=BNBUSDT&fromId=1000
2025-08-11 13:15:44.832[1754918144832] | INFO  | main       | c.b.c.f.client.utils.RequestHandler  - GET http://localhost:53633//fapi/v1/aggTrades?symbol=BNBUSDT&limit=1000
2025-08-11 13:15:44.834[1754918144834] | INFO  | main       | c.b.c.f.client.utils.RequestHandler  - GET http://localhost:35841//fapi/v1/aggTrades?symbol=BNBUSDT
2025-08-11 13:15:44.837[1754918144837] | INFO  | main       | c.b.c.f.client.utils.RequestHandler  - GET http://localhost:41643//fapi/v1/aggTrades?symbol=BNBUSDT&startTime=1754918144836&endTime=1754918145836
2025-08-11 13:15:44.839[1754918144839] | INFO  | main       | c.b.c.f.client.utils.RequestHandler  - GET http://localhost:37495//fapi/v1/trades?symbol=BNBUSDT&limit=1000
2025-08-11 13:15:44.842[1754918144842] | INFO  | main       | c.b.c.f.client.utils.RequestHandler  - GET http://localhost:37247//fapi/v1/trades?symbol=BNBUSDT
2025-08-11 13:15:44.848[1754918144848] | INFO  | main       | c.b.c.f.client.utils.RequestHandler  - GET http://localhost:48051//fapi/v1/indexPriceKlines?pair=BNBUSDT&interval=1m
2025-08-11 13:15:44.852[1754918144852] | INFO  | main       | c.b.c.f.client.utils.RequestHandler  - GET http://localhost:58159//fapi/v1/indexPriceKlines?pair=BNBUSDT&interval=1m&limit=1000&startTime=1754918144852&endTime=1754918145852
2025-08-11 13:15:44.857[1754918144857] | INFO  | main       | c.b.c.f.client.utils.RequestHandler  - GET http://localhost:33573//fapi/v1/ping
2025-08-11 13:15:44.859[1754918144859] | INFO  | main       | c.b.c.f.client.utils.RequestHandler  - GET http://localhost:37753//fapi/v1/fundingRate?symbol=BNBUSDT&limit=1000&startTime=1754918144859&endTime=1754918145859
2025-08-11 13:15:44.862[1754918144862] | INFO  | main       | c.b.c.f.client.utils.RequestHandler  - GET http://localhost:52965//fapi/v1/fundingRate
2025-08-11 13:15:44.869[1754918144869] | INFO  | main       | c.b.c.f.client.utils.RequestHandler  - GET http://localhost:53827//futures/data/topLongShortPositionRatio?symbol=BNBUSDT&period=5m
2025-08-11 13:15:44.871[1754918144871] | INFO  | main       | c.b.c.f.client.utils.RequestHandler  - GET http://localhost:34381//futures/data/topLongShortPositionRatio?symbol=BNBUSDT&period=5m&limit=1000&startTime=1754918144871&endTime=1754918145871
2025-08-11 13:15:44.874[1754918144874] | INFO  | main       | c.b.c.f.client.utils.RequestHandler  - GET http://localhost:59183//fapi/v1/time
2025-08-11 13:15:44.877[1754918144877] | INFO  | main       | c.b.c.f.client.utils.RequestHandler  - GET http://localhost:46185//futures/data/openInterestHist?symbol=BNBUSDT&period=5m&limit=1000&startTime=1754918144876&endTime=1754918145876
2025-08-11 13:15:44.879[1754918144879] | INFO  | main       | c.b.c.f.client.utils.RequestHandler  - GET http://localhost:34141//futures/data/openInterestHist?symbol=BNBUSDT&period=5m
2025-08-11 13:15:44.885[1754918144885] | INFO  | main       | c.b.c.f.client.utils.RequestHandler  - GET http://localhost:34681//fapi/v1/klines?symbol=BNBUSDT&interval=1m&limit=1000&startTime=1754918144884&endTime=1754918145884
2025-08-11 13:15:44.886[1754918144886] | INFO  | main       | c.b.c.f.client.utils.RequestHandler  - GET http://localhost:57971//fapi/v1/klines?symbol=BNBUSDT&interval=1m
2025-08-11 13:15:44.890[1754918144890] | INFO  | main       | c.b.c.f.client.utils.RequestHandler  - GET http://localhost:39951//fapi/v1/historicalTrades?symbol=BNBUSDT&limit=1000&fromId=123
2025-08-11 13:15:44.899[1754918144899] | INFO  | main       | c.b.c.f.client.utils.RequestHandler  - GET http://localhost:35049//fapi/v1/historicalTrades?symbol=BNBUSDT
2025-08-11 13:15:44.904[1754918144904] | INFO  | main       | c.b.c.f.client.utils.RequestHandler  - GET http://localhost:47303//fapi/v1/assetIndex?symbol=ADAUSD
2025-08-11 13:15:44.907[1754918144907] | INFO  | main       | c.b.c.f.client.utils.RequestHandler  - GET http://localhost:56587//fapi/v1/assetIndex
2025-08-11 13:15:44.911[1754918144911] | INFO  | main       | c.b.c.f.client.utils.RequestHandler  - GET http://localhost:38751//futures/data/topLongShortAccountRatio?symbol=BNBUSDT&period=5m
2025-08-11 13:15:44.915[1754918144915] | INFO  | main       | c.b.c.f.client.utils.RequestHandler  - GET http://localhost:39733//futures/data/topLongShortAccountRatio?symbol=BNBUSDT&period=5m&limit=1000&startTime=1754918144914&endTime=1754918145914
2025-08-11 13:15:44.920[1754918144920] | INFO  | main       | c.b.c.f.client.utils.RequestHandler  - GET http://localhost:38593//futures/data/takerlongshortRatio?symbol=BNBUSDT&period=5m&limit=1000&startTime=1754918144919&endTime=1754918145919
2025-08-11 13:15:44.926[1754918144926] | INFO  | main       | c.b.c.f.client.utils.RequestHandler  - GET http://localhost:37225//futures/data/takerlongshortRatio?symbol=BNBUSDT&period=5m
2025-08-11 13:15:44.929[1754918144929] | INFO  | main       | c.b.c.f.client.utils.RequestHandler  - GET http://localhost:33589//fapi/v1/exchangeInfo
2025-08-11 13:15:44.933[1754918144933] | INFO  | main       | c.b.c.f.client.utils.RequestHandler  - GET http://localhost:58835//fapi/v1/indexInfo?symbol=DEFIUSDT
2025-08-11 13:15:44.936[1754918144936] | INFO  | main       | c.b.c.f.client.utils.RequestHandler  - GET http://localhost:35677//fapi/v1/indexInfo
2025-08-11 13:15:44.941[1754918144941] | INFO  | main       | c.b.c.f.client.utils.RequestHandler  - POST http://localhost:35821//sapi/v1/sub-account/universalTransfer?fromAccountType=USDT_FUTURE&toAccountType=SPOT&asset=BTC&amount=0.1&fromEmail=from%40example.com&toEmail=to%40example.com&clientTranId=test-transfer-123&timestamp=1754918144941&signature=9d2c43b2552979b78e6d4e694367788c695c98bd03698159227a6799023dfee2
2025-08-11 13:15:44.944[1754918144944] | INFO  | main       | c.b.c.f.client.utils.RequestHandler  - POST http://localhost:42587//sapi/v1/sub-account/universalTransfer?fromAccountType=SPOT&toAccountType=USDT_FUTURE&asset=USDT&amount=100.0&timestamp=1754918144944&signature=116182660340d6bb9b534a1f69270c0e15dbb5b4f4cd7972f821c60f766a7ea9
2025-08-11 13:15:44.949[1754918144949] | INFO  | main       | c.b.c.f.client.utils.RequestHandler  - GET http://localhost:37273//sapi/v1/sub-account/universalTransfer?fromEmail=from%40example.com&toEmail=to%40example.com&startTime=1625097600000&endTime=1625184000000&page=1&limit=100&timestamp=1754918144948&signature=b0aae6ad6d7718165cdb3f180691d163237205f13d7b312e38e461c7f229865d
2025-08-11 13:15:44.952[1754918144952] | INFO  | main       | c.b.c.f.client.utils.RequestHandler  - GET http://localhost:43179//sapi/v1/sub-account/universalTransfer?timestamp=1754918144952&signature=58fab6337e865c5a09505491fe2f9bfb39993c91d0f60774c8080d1928a5f087
2025-08-11 13:16:17.181[1754918177181] | INFO  | main       | c.b.c.f.client.utils.RequestHandler  - POST http://localhost:60363//sapi/v1/sub-account/universalTransfer?fromAccountType=SPOT&toAccountType=COIN_FUTURE&asset=BTC&amount=0.5&timestamp=1754918177130&signature=1813b7e0b288d9420fe232159be891383cc576d01168251f56a3711a3c2d22ae
2025-08-11 13:16:17.449[1754918177449] | INFO  | main       | c.b.c.f.client.utils.RequestHandler  - GET http://localhost:33895//sapi/v1/sub-account/universalTransfer?timestamp=1754918177449&signature=8aad21303ac011f988d7e55d539499651388abb38f671db20477e53f6a0dffdd
2025-08-11 13:17:15.825[1754918235825] | INFO  | main       | c.b.c.f.client.utils.RequestHandler  - DELETE http://localhost:45087//dapi/v1/listenKey
2025-08-11 13:17:16.148[1754918236148] | INFO  | main       | c.b.c.f.client.utils.RequestHandler  - PUT http://localhost:43303//dapi/v1/listenKey
2025-08-11 13:17:16.164[1754918236164] | INFO  | main       | c.b.c.f.client.utils.RequestHandler  - POST http://localhost:60317//dapi/v1/listenKey
2025-08-11 13:17:16.196[1754918236196] | INFO  | main       | c.b.c.f.client.utils.RequestHandler  - GET http://localhost:45947//dapi/v1/pmAccountInfo?asset=BTC&timestamp=1754918236188&signature=67e9f264ee3d41d71fa9bae0cc942fede0a97649de8fccf16557a6abfa089d38
2025-08-11 13:17:16.226[1754918236226] | INFO  | main       | c.b.c.f.client.utils.RequestHandler  - GET http://localhost:59935//dapi/v1/pmExchangeInfo?timestamp=1754918236226&signature=4deb34e6cae6432305d5e4d73440dae6ed500d5c9d5748f48c3ab2ccf9c2d037
2025-08-11 13:17:16.241[1754918236241] | INFO  | main       | c.b.c.f.client.utils.RequestHandler  - GET http://localhost:47631//dapi/v1/pmExchangeInfo?symbol=BNBUSDT&timestamp=1754918236241&signature=d142655484eb4a5ce7a98d8cc4e4dd44d6ea91419a9e81991c84645dd616af97
2025-08-11 13:17:16.254[1754918236254] | INFO  | main       | c.b.c.f.client.utils.RequestHandler  - GET http://localhost:60389//dapi/v1/leverageBracket?pair=BNBUSD&timestamp=1754918236253&signature=83a6696c3a8ce813415808b4bb61d8d42e6b857ba619f61f5c0dc9eba492b077
2025-08-11 13:17:16.267[1754918236267] | INFO  | main       | c.b.c.f.client.utils.RequestHandler  - GET http://localhost:48195//dapi/v1/leverageBracket?timestamp=1754918236267&signature=cf7820d2a69db05326f95c344a26b642158d0ed398e8e0487e5d876801300a91
2025-08-11 13:17:16.280[1754918236280] | INFO  | main       | c.b.c.f.client.utils.RequestHandler  - GET http://localhost:35101//dapi/v1/userTrades?symbol=bnbusd_perpetual&timestamp=1754918236280&signature=5e334ee2189bddfec315380f963b383ecb5068c0d9fce599e05137b3da0f6454
2025-08-11 13:17:16.308[1754918236308] | INFO  | main       | c.b.c.f.client.utils.RequestHandler  - GET http://localhost:51603//dapi/v1/account?timestamp=1754918236308&signature=9426dba481db2900654e5765c6c89bf3cb5dc4681bdff246094646da0276f165
2025-08-11 13:17:16.321[1754918236321] | INFO  | main       | c.b.c.f.client.utils.RequestHandler  - GET http://localhost:54409//dapi/v2/leverageBracket?timestamp=1754918236321&signature=578d321460828c9cc32fb54cfcbdf851ae24c75519bcb156f58564a329efc74a
2025-08-11 13:17:16.329[1754918236329] | INFO  | main       | c.b.c.f.client.utils.RequestHandler  - GET http://localhost:40099//dapi/v2/leverageBracket?symbol=BNBUSD_PERP&timestamp=1754918236329&signature=f9c63551356cf34bb2200e51a3dcdde36e1105c82796a74af89a6fa2d7da1602
2025-08-11 13:17:16.343[1754918236343] | INFO  | main       | c.b.c.f.client.utils.RequestHandler  - GET http://localhost:52301//dapi/v1/openOrders?symbol=BNBUSDT&timestamp=1754918236343&signature=0582c5b4df028f3734ce23285c8e521e65cd4bf4eea71e7aa32006cb7e09c44b
2025-08-11 13:17:16.351[1754918236351] | INFO  | main       | c.b.c.f.client.utils.RequestHandler  - GET http://localhost:33493//dapi/v1/openOrders?timestamp=1754918236350&signature=ffe054d2d52535d52ebc72f5820eb5a6e640024af6624bcd03d1f51a9f327cab
2025-08-11 13:17:16.359[1754918236359] | INFO  | main       | c.b.c.f.client.utils.RequestHandler  - DELETE http://localhost:50987//dapi/v1/batchOrders?symbol=BNBUSDT&orderIdList=&timestamp=1754918236359&signature=f5f6607876786e59a748fbaf05a90475c1b7c7d0a56cc81c9d1efa298dbc5f32
2025-08-11 13:17:16.383[1754918236383] | INFO  | main       | c.b.c.f.client.utils.RequestHandler  - DELETE http://localhost:52873//dapi/v1/order?symbol=BNBUSD_PERP&orderId=&timestamp=1754918236383&signature=fd6a64d21b78bec251b84f611406f9b82338d79f8128215f43ae976ea2a10c43
2025-08-11 13:17:16.398[1754918236398] | INFO  | main       | c.b.c.f.client.utils.RequestHandler  - DELETE http://localhost:57989//dapi/v1/order?symbol=BNBUSD_PERP&orderId=123&origClientOrderId=456&timestamp=1754918236398&signature=630d318e93d7cdc907b14727d9f0705b4088aa216a5cd03f13b826c9eb7b775a
2025-08-11 13:17:16.411[1754918236411] | INFO  | main       | c.b.c.f.client.utils.RequestHandler  - POST http://localhost:37895//dapi/v1/leverage?symbol=BNBUSDT&leverage=20&timestamp=1754918236411&signature=fa6b4ed62b6cb200fc72e3314e712af289427dcdae8f761bee2fe317f187b0bb
2025-08-11 13:17:16.420[1754918236420] | INFO  | main       | c.b.c.f.client.utils.RequestHandler  - GET http://localhost:47155//dapi/v1/order?symbol=BNBUSD_PERP&orderId=123&timestamp=1754918236419&signature=2c45e50ef30cd642c4d30110a1752d21979f1df1d832706b360e5dec2b8cad9a
2025-08-11 13:17:16.424[1754918236424] | INFO  | main       | c.b.c.f.client.utils.RequestHandler  - GET http://localhost:50317//dapi/v1/order?symbol=BNBUSDT&origClientOrderId=123&timestamp=1754918236424&signature=03e1c80e74f91e79cd8933d08b60303fb405ee799168232744403bd2e33e62d3
2025-08-11 13:17:16.434[1754918236434] | INFO  | main       | c.b.c.f.client.utils.RequestHandler  - POST http://localhost:56233//dapi/v1/countdownCancelAll?symbol=BNBUSDT&countdownTime=10000&timestamp=1754918236434&signature=85047a5459fe94183f23eac9f17ff2e4b165255fead145f8c0f6c569fdc37bc7
2025-08-11 13:17:16.443[1754918236443] | INFO  | main       | c.b.c.f.client.utils.RequestHandler  - GET http://localhost:48505//dapi/v1/leverageBracket?timestamp=1754918236443&signature=7633dcd3207305527c2278c4a61a64ba671ca01a445b3585c78fe6740e98e253
2025-08-11 13:17:16.450[1754918236450] | INFO  | main       | c.b.c.f.client.utils.RequestHandler  - GET http://localhost:36371//dapi/v1/leverageBracket?symbol=BNBUSDT&timestamp=1754918236450&signature=94215621c3b3f8352c7402c3b0b2964e35cb2cdc5f9e5c2d64a9b762cb56267f
2025-08-11 13:17:16.462[1754918236462] | INFO  | main       | c.b.c.f.client.utils.RequestHandler  - GET http://localhost:47137//dapi/v1/balance?timestamp=1754918236462&signature=bb993f2c4d8338e88298e18054b14020e37882fbfdfca87212d585d4101ce48c
2025-08-11 13:17:16.470[1754918236470] | INFO  | main       | c.b.c.f.client.utils.RequestHandler  - GET http://localhost:42473//dapi/v1/income?symbol=BNBUSDT&timestamp=1754918236470&signature=c0fa0a3394d9c495db1f993e08b0e370011a59e05401f76df2527516bc0958bb
2025-08-11 13:17:16.476[1754918236476] | INFO  | main       | c.b.c.f.client.utils.RequestHandler  - GET http://localhost:53237//dapi/v1/income?timestamp=1754918236476&signature=6f2bd6925c5ef5fd272ae71f4cacb16e0f8e551f9571784ca566329c091aa129
2025-08-11 13:17:16.486[1754918236486] | INFO  | main       | c.b.c.f.client.utils.RequestHandler  - GET http://localhost:42173//dapi/v1/forceOrders?symbol=BNBUSDT&timestamp=1754918236486&signature=8e0ff4939f9321d7faa35f25351a0f049e003df90f1b8a8c2bfb69bcac74a30d
2025-08-11 13:17:16.492[1754918236492] | INFO  | main       | c.b.c.f.client.utils.RequestHandler  - GET http://localhost:60049//dapi/v1/forceOrders?timestamp=1754918236491&signature=da46a795b73324df6de3b4d4bbd599d912274362012cb87c8ecc16de8aedb219
2025-08-11 13:17:16.503[1754918236503] | INFO  | main       | c.b.c.f.client.utils.RequestHandler  - GET http://localhost:50005//dapi/v1/allOrders?symbol=bnbusd_perpetual&timestamp=1754918236503&signature=7039bd03730efd699ff9fb86d60feec01119ef5ff8d90f647582bbc253717603
2025-08-11 13:17:16.516[1754918236516] | INFO  | main       | c.b.c.f.client.utils.RequestHandler  - GET http://localhost:40343//dapi/v1/commissionRate?symbol=BNBUSDT&timestamp=1754918236516&signature=c0f00a31a9e79717aa47cf65d669083e403cfc3d4799a0a6cc06b1232a71f95a
2025-08-11 13:17:16.523[1754918236523] | INFO  | main       | c.b.c.f.client.utils.RequestHandler  - GET http://localhost:50217//dapi/v1/positionMargin/history?symbol=BNBUSDT&timestamp=1754918236523&signature=318176e6b49a04969bad0f928332ed39bf4c69795cb25e840f7a3174ad8e11d2
2025-08-11 13:17:16.530[1754918236530] | INFO  | main       | c.b.c.f.client.utils.RequestHandler  - GET http://localhost:55849//dapi/v1/adlQuantile?timestamp=1754918236530&signature=7ec46e312c5428b13367ff732a1e23c1a65333a47f580723567a450aa6e4e582
2025-08-11 13:17:16.535[1754918236535] | INFO  | main       | c.b.c.f.client.utils.RequestHandler  - GET http://localhost:42395//dapi/v1/adlQuantile?symbol=BNBUSDT&timestamp=1754918236535&signature=181a65a21ebfeaeb528958c76a2c85c3b670e825c4a1c16e8d1401bcca03eadc
2025-08-11 13:17:16.544[1754918236544] | INFO  | main       | c.b.c.f.client.utils.RequestHandler  - GET http://localhost:56669//dapi/v1/positionSide/dual?timestamp=1754918236544&signature=bbab98e7c7467b186755af0c880ca9621aaf756b9f29a17a33b5d0558d80fb9a
2025-08-11 13:17:16.553[1754918236553] | INFO  | main       | c.b.c.f.client.utils.RequestHandler  - POST http://localhost:45477//dapi/v1/positionSide/dual?dualSidePosition=true&timestamp=1754918236553&signature=8a68651b34d5522a7c18d3f072e2fabdb93950b1ad1f24ad2fb9e29a5ebd9606
2025-08-11 13:17:16.561[1754918236561] | INFO  | main       | c.b.c.f.client.utils.RequestHandler  - POST http://localhost:60161//dapi/v1/positionMargin?symbol=BNBUSDT&amount=100.0&type=1&timestamp=1754918236560&signature=1820dee3b13d3ca117bdf9e5b59834fab26dba4bad607266d080a5d1cecb1b9a
2025-08-11 13:17:16.566[1754918236566] | INFO  | main       | c.b.c.f.client.utils.RequestHandler  - PUT http://localhost:38313//dapi/v1/order?orderId=123456&symbol=BNBUSD_PERP&side=BUY&timestamp=1754918236566&signature=5f720ea8fd157757698de895f74b161d5649f17bf2eae52cbc2d60fa6efa9c20
2025-08-11 13:17:16.576[1754918236576] | INFO  | main       | c.b.c.f.client.utils.RequestHandler  - GET http://localhost:34469//dapi/v1/openOrder?symbol=BNBUSDT&orderId=123&timestamp=1754918236575&signature=e89422371d4a86707a299cc83c1c89ff7e8b7fe594d6556d8725fdbc7f86e0e5
2025-08-11 13:17:16.579[1754918236579] | INFO  | main       | c.b.c.f.client.utils.RequestHandler  - GET http://localhost:37491//dapi/v1/openOrder?symbol=BNBUSDT&origClientOrderId=123&timestamp=1754918236579&signature=b8d075e1d280b179b1870760bcb8ac48c258c0c201df334c58443f25278d4dce
2025-08-11 13:17:16.586[1754918236586] | INFO  | main       | c.b.c.f.client.utils.RequestHandler  - GET http://localhost:35625//dapi/v1/orderAmendment?orderId=123456&symbol=BNBUSD_PERP&side=BUY&timestamp=1754918236586&signature=fdb1d6602e8ce5dc94ba97064abb61d776f634ffdf92f3496a52f110da0e9462
2025-08-11 13:17:16.592[1754918236592] | INFO  | main       | c.b.c.f.client.utils.RequestHandler  - POST http://localhost:45475//dapi/v1/order?symbol=BNBUSDT&side=BUY&type=MARKET&quantity=0.01&timestamp=1754918236591&signature=34f9cab13934282a06bcd12de0efe6a26194583e70d0999018501d64b077485d
2025-08-11 13:17:16.597[1754918236597] | INFO  | main       | c.b.c.f.client.utils.RequestHandler  - GET http://localhost:46099//dapi/v1/positionRisk?timestamp=1754918236597&signature=193f8401197427c83acdcaceb1d234b30398595d8a1b348406d9af2146ead051
2025-08-11 13:17:16.603[1754918236603] | INFO  | main       | c.b.c.f.client.utils.RequestHandler  - GET http://localhost:56367//dapi/v1/positionRisk?pair=bnbusd_perpetual&timestamp=1754918236603&signature=811837c7ba0c4b764a5a9f5f2c89e2dbcc43aba19a82aa245cf0e0888a423de9
2025-08-11 13:17:16.612[1754918236612] | INFO  | main       | c.b.c.f.client.utils.RequestHandler  - DELETE http://localhost:47551//dapi/v1/allOpenOrders?symbol=BNBUSDT&timestamp=1754918236612&signature=6c76183dbc76336c55443753e3827a7f4702b7fe1af953de96f02b5f1529e9a5
2025-08-11 13:17:16.619[1754918236619] | INFO  | main       | c.b.c.f.client.utils.RequestHandler  - GET http://localhost:36417//dapi/v1/markPriceKlines?symbol=bnbusd_perpetual&interval=1m&limit=1000&startTime=1754918236618&endTime=1754918237618
2025-08-11 13:17:16.623[1754918236623] | INFO  | main       | c.b.c.f.client.utils.RequestHandler  - GET http://localhost:45919//dapi/v1/markPriceKlines?symbol=bnbusd_perpetual&interval=1m
2025-08-11 13:17:16.627[1754918236627] | INFO  | main       | c.b.c.f.client.utils.RequestHandler  - GET http://localhost:51789//futures/data/openInterestHist?pair=bnbusd_perpetual&period=5m&limit=1000&startTime=1754918236626&endTime=1754918237626
2025-08-11 13:17:16.631[1754918236631] | INFO  | main       | c.b.c.f.client.utils.RequestHandler  - GET http://localhost:57339//futures/data/openInterestHist?pair=bnbusd_perpetual&period=5m
2025-08-11 13:17:16.648[1754918236648] | INFO  | main       | c.b.c.f.client.utils.RequestHandler  - GET http://localhost:59003//futures/data/topLongShortAccountRatio?pair=btcusd_perpetual&period=5m
2025-08-11 13:17:16.652[1754918236652] | INFO  | main       | c.b.c.f.client.utils.RequestHandler  - GET http://localhost:41291//futures/data/topLongShortAccountRatio?pair=btcusd_perpetual&period=5m&limit=1000&startTime=1754918236651&endTime=1754918237651
2025-08-11 13:17:16.658[1754918236658] | INFO  | main       | c.b.c.f.client.utils.RequestHandler  - GET http://localhost:59947//dapi/v1/klines?symbol=BNBUSDT&interval=1m&limit=1000&startTime=1754918236657&endTime=1754918237657
2025-08-11 13:17:16.662[1754918236662] | INFO  | main       | c.b.c.f.client.utils.RequestHandler  - GET http://localhost:49103//dapi/v1/klines?symbol=BNBUSDT&interval=1m
2025-08-11 13:17:16.669[1754918236669] | INFO  | main       | c.b.c.f.client.utils.RequestHandler  - GET http://localhost:50923//dapi/v1/ticker/bookTicker?symbol=BNBUSDT
2025-08-11 13:17:16.673[1754918236673] | INFO  | main       | c.b.c.f.client.utils.RequestHandler  - GET http://localhost:59769//dapi/v1/ticker/bookTicker
2025-08-11 13:17:16.678[1754918236678] | INFO  | main       | c.b.c.f.client.utils.RequestHandler  - GET http://localhost:57385//dapi/v1/ping
2025-08-11 13:17:16.683[1754918236683] | INFO  | main       | c.b.c.f.client.utils.RequestHandler  - GET http://localhost:49451//dapi/v1/trades?symbol=BNBUSDT&limit=1000
2025-08-11 13:17:16.686[1754918236686] | INFO  | main       | c.b.c.f.client.utils.RequestHandler  - GET http://localhost:46859//dapi/v1/trades?symbol=BNBUSDT
2025-08-11 13:17:16.691[1754918236691] | INFO  | main       | c.b.c.f.client.utils.RequestHandler  - GET http://localhost:55121//dapi/v1/fundingRate?symbol=BNBUSDT&limit=1000&startTime=1754918236690&endTime=1754918237690
2025-08-11 13:17:16.695[1754918236695] | INFO  | main       | c.b.c.f.client.utils.RequestHandler  - GET http://localhost:37463//dapi/v1/fundingRate
2025-08-11 13:17:16.700[1754918236700] | INFO  | main       | c.b.c.f.client.utils.RequestHandler  - GET http://localhost:35185//dapi/v1/aggTrades?symbol=BNBUSDT&fromId=1000
2025-08-11 13:17:16.704[1754918236704] | INFO  | main       | c.b.c.f.client.utils.RequestHandler  - GET http://localhost:53183//dapi/v1/aggTrades?symbol=BNBUSDT&limit=1000
2025-08-11 13:17:16.707[1754918236707] | INFO  | main       | c.b.c.f.client.utils.RequestHandler  - GET http://localhost:36553//dapi/v1/aggTrades?symbol=BNBUSDT
2025-08-11 13:17:16.710[1754918236710] | INFO  | main       | c.b.c.f.client.utils.RequestHandler  - GET http://localhost:38831//dapi/v1/aggTrades?symbol=BNBUSDT&startTime=1754918236709&endTime=1754918237709
2025-08-11 13:17:16.714[1754918236714] | INFO  | main       | c.b.c.f.client.utils.RequestHandler  - GET http://localhost:54245//dapi/v1/premiumIndex?symbol=BNBUSDT
2025-08-11 13:17:16.716[1754918236716] | INFO  | main       | c.b.c.f.client.utils.RequestHandler  - GET http://localhost:47153//dapi/v1/premiumIndex
2025-08-11 13:17:16.722[1754918236722] | INFO  | main       | c.b.c.f.client.utils.RequestHandler  - GET http://localhost:51173//futures/data/basis?pair=BTCUSD&contractType=PERPETUAL&period=1m
2025-08-11 13:17:16.734[1754918236734] | INFO  | main       | c.b.c.f.client.utils.RequestHandler  - GET http://localhost:59201//dapi/v1/ticker/24hr?pair=bnbusd_perpetual
2025-08-11 13:17:16.738[1754918236738] | INFO  | main       | c.b.c.f.client.utils.RequestHandler  - GET http://localhost:48609//dapi/v1/ticker/24hr
2025-08-11 13:17:16.743[1754918236743] | INFO  | main       | c.b.c.f.client.utils.RequestHandler  - GET http://localhost:51223//futures/data/globalLongShortAccountRatio?pair=BTCUSD&period=5m&limit=1000&startTime=1754918236741&endTime=1754918237741
2025-08-11 13:17:16.750[1754918236750] | INFO  | main       | c.b.c.f.client.utils.RequestHandler  - GET http://localhost:52105//futures/data/globalLongShortAccountRatio?pair=BTCUSD&period=5m
2025-08-11 13:17:16.756[1754918236756] | INFO  | main       | c.b.c.f.client.utils.RequestHandler  - GET http://localhost:34321//dapi/v1/indexPriceKlines?pair=BNBUSDT&interval=1m
2025-08-11 13:17:16.758[1754918236758] | INFO  | main       | c.b.c.f.client.utils.RequestHandler  - GET http://localhost:51011//dapi/v1/indexPriceKlines?pair=BNBUSDT&interval=1m&limit=1000&startTime=1754918236758&endTime=1754918237758
2025-08-11 13:17:16.763[1754918236763] | INFO  | main       | c.b.c.f.client.utils.RequestHandler  - GET http://localhost:39003//dapi/v1/continuousKlines?pair=BNBUSDT&contractType=PERPETUAL&interval=1m
2025-08-11 13:17:16.766[1754918236766] | INFO  | main       | c.b.c.f.client.utils.RequestHandler  - GET http://localhost:34129//dapi/v1/continuousKlines?pair=BNBUSDT&contractType=PERPETUAL&interval=1m&limit=1000&startTime=1754918236766&endTime=1754918237766
2025-08-11 13:17:16.773[1754918236773] | INFO  | main       | c.b.c.f.client.utils.RequestHandler  - GET http://localhost:57279//dapi/v1/openInterest?symbol=BNBUSDT
2025-08-11 13:17:16.780[1754918236780] | INFO  | main       | c.b.c.f.client.utils.RequestHandler  - GET http://localhost:60835//dapi/v1/depth?symbol=BNBUSDT
2025-08-11 13:17:16.785[1754918236785] | INFO  | main       | c.b.c.f.client.utils.RequestHandler  - GET http://localhost:47561//dapi/v1/depth?symbol=BNBUSDT&limit=10
2025-08-11 13:17:16.788[1754918236788] | INFO  | main       | c.b.c.f.client.utils.RequestHandler  - GET http://localhost:47221//dapi/v1/exchangeInfo
2025-08-11 13:17:16.793[1754918236793] | INFO  | main       | c.b.c.f.client.utils.RequestHandler  - GET http://localhost:38605//dapi/v1/ticker/price
2025-08-11 13:17:16.797[1754918236797] | INFO  | main       | c.b.c.f.client.utils.RequestHandler  - GET http://localhost:55845//dapi/v1/ticker/price?pair=bnbusd_perpetual
2025-08-11 13:17:16.801[1754918236801] | INFO  | main       | c.b.c.f.client.utils.RequestHandler  - GET http://localhost:48351//dapi/v1/time
2025-08-11 13:17:16.806[1754918236806] | INFO  | main       | c.b.c.f.client.utils.RequestHandler  - GET http://localhost:40251//futures/data/topLongShortPositionRatio?pair=bnbusd_perpetual&period=5m
2025-08-11 13:17:16.808[1754918236808] | INFO  | main       | c.b.c.f.client.utils.RequestHandler  - GET http://localhost:43425//futures/data/topLongShortPositionRatio?pair=bnbusd_perpetual&period=5m&limit=1000&startTime=1754918236808&endTime=1754918237808
2025-08-11 13:17:16.811[1754918236811] | INFO  | main       | c.b.c.f.client.utils.RequestHandler  - GET http://localhost:57861//dapi/v1/historicalTrades?symbol=BNBUSDT&limit=1000&fromId=123
2025-08-11 13:17:16.815[1754918236815] | INFO  | main       | c.b.c.f.client.utils.RequestHandler  - GET http://localhost:45323//dapi/v1/historicalTrades?symbol=BNBUSDT
2025-08-11 13:17:16.820[1754918236820] | INFO  | main       | c.b.c.f.client.utils.RequestHandler  - POST http://localhost:45419//sapi/v1/sub-account/universalTransfer?fromAccountType=SPOT&toAccountType=COIN_FUTURE&asset=BTC&amount=0.5&timestamp=1754918236819&signature=8fcf509721c0b1ef40350d183f0e6a69ed27ce72f43a768cf85601148db38355
2025-08-11 13:17:16.826[1754918236826] | INFO  | main       | c.b.c.f.client.utils.RequestHandler  - GET http://localhost:47567//sapi/v1/sub-account/universalTransfer?timestamp=1754918236826&signature=c94a2c5a6112fcfe21822b691bd8481dedc795534f84472d22d27d5fcf64d884
2025-08-11 13:17:16.873[1754918236873] | INFO  | main       | c.b.c.f.client.utils.RequestHandler  - DELETE http://localhost:59073//fapi/v1/listenKey
2025-08-11 13:17:16.878[1754918236878] | INFO  | main       | c.b.c.f.client.utils.RequestHandler  - PUT http://localhost:37269//fapi/v1/listenKey
2025-08-11 13:17:16.881[1754918236881] | INFO  | main       | c.b.c.f.client.utils.RequestHandler  - POST http://localhost:37105//fapi/v1/listenKey
2025-08-11 13:17:16.893[1754918236893] | INFO  | main       | c.b.c.f.client.utils.RequestHandler  - GET http://localhost:44017//fapi/v1/income?symbol=BNBUSDT&timestamp=1754918236893&signature=befa4ac5204212e55dfba984f56fcbb8bb2c5a214dd4f7418cea00b373265262
2025-08-11 13:17:16.904[1754918236904] | INFO  | main       | c.b.c.f.client.utils.RequestHandler  - GET http://localhost:47443//fapi/v1/income?timestamp=1754918236902&signature=2a95fd6c1703675fdce62b988954db3d0fcc94cbae408d35d6d499b9f368c22c
2025-08-11 13:17:16.911[1754918236911] | INFO  | main       | c.b.c.f.client.utils.RequestHandler  - POST http://localhost:57379//fapi/v1/countdownCancelAll?symbol=BNBUSDT&countdownTime=10000&timestamp=1754918236911&signature=148d5d8e2d77428c9ab3e65ea5ad191d8a1d792e0f66f737c6e3358cafa2a229
2025-08-11 13:17:16.917[1754918236917] | INFO  | main       | c.b.c.f.client.utils.RequestHandler  - POST http://localhost:45609//fapi/v1/positionMargin?symbol=BNBUSDT&amount=100.0&type=1&timestamp=1754918236917&signature=28c993f3a6a42377a8f1cee88c7c0e19d7c532c4096bafb395d5e3bd02999443
2025-08-11 13:17:16.922[1754918236922] | INFO  | main       | c.b.c.f.client.utils.RequestHandler  - GET http://localhost:53119//fapi/v1/allOrders?symbol=BNBUSDT&timestamp=1754918236922&signature=b2203a25a447b45a6e6b98f2a0369d43b075ba9833b81379da62e47c1ed733c7
2025-08-11 13:17:16.935[1754918236935] | INFO  | main       | c.b.c.f.client.utils.RequestHandler  - GET http://localhost:53251//fapi/v2/balance?timestamp=1754918236935&signature=3264c71f084ebc56aa030b0dd85afb90c49450c615e5a3434c05d2e4c6280466
2025-08-11 13:17:16.940[1754918236940] | INFO  | main       | c.b.c.f.client.utils.RequestHandler  - GET http://localhost:58963//fapi/v1/userTrades?symbol=BNBUSDT&timestamp=1754918236940&signature=c5e1efef26ed3e54041b001ccd36fbe7d98e9ef1c8a8277ed745ca4922793e29
2025-08-11 13:17:16.947[1754918236947] | INFO  | main       | c.b.c.f.client.utils.RequestHandler  - GET http://localhost:33783//fapi/v1/multiAssetsMargin?timestamp=1754918236946&signature=1204c705e86a4c4eec95f9a570753d22356237ead17002c3b4e9071693f587dd
2025-08-11 13:17:16.952[1754918236952] | INFO  | main       | c.b.c.f.client.utils.RequestHandler  - POST http://localhost:33779//fapi/v1/leverage?symbol=BNBUSDT&leverage=20&timestamp=1754918236952&signature=6494d7e7107b13eda91cb90faeef4f2147587db21299bb236876f7becce500c8
2025-08-11 13:17:16.964[1754918236964] | INFO  | main       | c.b.c.f.client.utils.RequestHandler  - POST http://localhost:35853//fapi/v1/positionSide/dual?dualSidePosition=true&timestamp=1754918236964&signature=f350b49e22a18ebe39a1e7a6c5e5b0b54b00e6c85dd7ab6033b1e6ab764c9aa1
2025-08-11 13:17:16.969[1754918236969] | INFO  | main       | c.b.c.f.client.utils.RequestHandler  - POST http://localhost:33663//fapi/v1/order?symbol=BNBUSDT&side=BUY&type=MARKET&quantity=0.01&timestamp=1754918236969&signature=0c085d72f50f15aa61fd9ddd8cc7a20473f8190f808dbbd7da0eb20f43abc3b4
2025-08-11 13:17:16.975[1754918236975] | INFO  | main       | c.b.c.f.client.utils.RequestHandler  - GET http://localhost:54603//fapi/v1/positionSide/dual?timestamp=1754918236975&signature=6934d7a8bafff14072da33c399909b78ea704314591964267af7fd2954a8ec5e
2025-08-11 13:17:16.978[1754918236978] | INFO  | main       | c.b.c.f.client.utils.RequestHandler  - GET http://localhost:48763//fapi/v1/leverageBracket?symbol=BNBUSDT&timestamp=1754918236978&signature=986c83fb238818e9f74b01b28305b4d82b9e93b90fd9ff634671c6e80a6b8eba
2025-08-11 13:17:16.982[1754918236982] | INFO  | main       | c.b.c.f.client.utils.RequestHandler  - GET http://localhost:43717//fapi/v1/leverageBracket?timestamp=1754918236982&signature=4774e4f79ea29b756897638b140f964f42eb7492992220c7c593829f1fe5361f
2025-08-11 13:17:16.987[1754918236987] | INFO  | main       | c.b.c.f.client.utils.RequestHandler  - POST http://localhost:55461//fapi/v1/multiAssetsMargin?dualSidePosition=true&timestamp=1754918236986&signature=0eda577295976559d30d7c316727a2f89aeeca1ff8f71d66a349f0c1945bc4ef
2025-08-11 13:17:16.994[1754918236994] | INFO  | main       | c.b.c.f.client.utils.RequestHandler  - GET http://localhost:56779//fapi/v1/income/asyn?startTime=1754918236992&endTime=1754918237992&timestamp=1754918236993&signature=b49d2847b30bf136d730dd97f5aa7ca366a13f20022d3811c5e98fa3fdc4e35b
2025-08-11 13:17:16.996[1754918236996] | INFO  | main       | c.b.c.f.client.utils.RequestHandler  - GET http://localhost:39119//fapi/v1/income/asyn?timestamp=1754918236996&signature=71f07ee928c89a1d0789d6449efe4e2863b24cdb6f68f45ffabe7bb6ee23f26c
2025-08-11 13:17:17.002[1754918237002] | INFO  | main       | c.b.c.f.client.utils.RequestHandler  - DELETE http://localhost:57859//fapi/v1/batchOrders?symbol=BNBUSDT&orderIdList=&timestamp=1754918237002&signature=621b6c3a5d3d47e8a833333aa66b841cfbaa8898deba6f5b1244b37560f67748
2025-08-11 13:17:17.008[1754918237008] | INFO  | main       | c.b.c.f.client.utils.RequestHandler  - GET http://localhost:37699//fapi/v1/forceOrders?symbol=BNBUSDT&timestamp=1754918237007&signature=0ef496d92cd97af1faf7453dee0c6565bc7e2a6b2fa93308dff8a34dbfcc4069
2025-08-11 13:17:17.012[1754918237012] | INFO  | main       | c.b.c.f.client.utils.RequestHandler  - GET http://localhost:46355//fapi/v1/forceOrders?timestamp=1754918237010&signature=b227e27cfc8b87596884844ad7f18b0d6efb9abbf1202fa8baabb641e2fd5846
2025-08-11 13:17:17.019[1754918237019] | INFO  | main       | c.b.c.f.client.utils.RequestHandler  - GET http://localhost:50831//fapi/v1/openOrder?symbol=BNBUSDT&orderId=123&timestamp=1754918237018&signature=ef256b364e9cd4030fb4cbb5d4938e18e91f8497115c92f27c5052795639bbf9
2025-08-11 13:17:17.022[1754918237022] | INFO  | main       | c.b.c.f.client.utils.RequestHandler  - GET http://localhost:42255//fapi/v1/openOrder?symbol=BNBUSDT&origClientOrderId=123&timestamp=1754918237021&signature=e84eec76d0ff918c5df3a98ecd10abac9e8974310b1868efa3eb23e012cef2f7
2025-08-11 13:17:17.025[1754918237025] | INFO  | main       | c.b.c.f.client.utils.RequestHandler  - GET http://localhost:40147//fapi/v1/openOrders?symbol=BNBUSDT&timestamp=1754918237024&signature=6948b372e87992b408910c6bad2d5b8e8c068b23c946f51e61fb582d0a517a2f
2025-08-11 13:17:17.027[1754918237027] | INFO  | main       | c.b.c.f.client.utils.RequestHandler  - GET http://localhost:49949//fapi/v1/openOrders?timestamp=1754918237027&signature=cca7b00253e809b7f8bb908eb2a88786da447cc2c455ffdc6550c169aea6d090
2025-08-11 13:17:17.032[1754918237032] | INFO  | main       | c.b.c.f.client.utils.RequestHandler  - GET http://localhost:60749//fapi/v1/leverageBracket?timestamp=1754918237032&signature=66ca17fc901901369eb8a2d0c38b82483321876f03b2302da01a465c3d8b3c57
2025-08-11 13:17:17.034[1754918237034] | INFO  | main       | c.b.c.f.client.utils.RequestHandler  - GET http://localhost:33739//fapi/v1/leverageBracket?symbol=BNBUSDT&timestamp=1754918237034&signature=d36b3a045e8146e239edf1d16daf933a092bdf0baef8b0289572ea8046c55ab6
2025-08-11 13:17:17.037[1754918237037] | INFO  | main       | c.b.c.f.client.utils.RequestHandler  - GET http://localhost:37821//fapi/v1/income/asyn/id?downloadId=545923594199212032&timestamp=1754918237037&signature=b75bd6689ddbca295d35c681ceb84117edc6e3faf399b36303fe0628317f9f21
2025-08-11 13:17:17.044[1754918237044] | INFO  | main       | c.b.c.f.client.utils.RequestHandler  - GET http://localhost:45981//fapi/v1/order?symbol=BNBUSDT&orderId=123&timestamp=1754918237044&signature=f6c9ace80d1045866ae7d027b3aa1877af4b04fd6e67c0e06c68258b764cb123
2025-08-11 13:17:17.046[1754918237046] | INFO  | main       | c.b.c.f.client.utils.RequestHandler  - GET http://localhost:56021//fapi/v1/order?symbol=BNBUSDT&origClientOrderId=123&timestamp=1754918237046&signature=fb2dae7673c78668f62fcf1cbc331a2da3842b4dc929a82b32aed933711865c8
2025-08-11 13:17:17.050[1754918237050] | INFO  | main       | c.b.c.f.client.utils.RequestHandler  - GET http://localhost:55915//fapi/v1/commissionRate?symbol=BNBUSDT&timestamp=1754918237050&signature=ee4950d845326ef7bd1ff35980ea7309802e7e5b991b88a54843d6d7419b87c3
2025-08-11 13:17:17.053[1754918237053] | INFO  | main       | c.b.c.f.client.utils.RequestHandler  - GET http://localhost:43339//fapi/v1/positionMargin/history?symbol=BNBUSDT&timestamp=1754918237053&signature=b116845a0d4d7db6102be86a5da6635a7a956cd218b1b04d5caa3ad37f384154
2025-08-11 13:17:17.058[1754918237058] | INFO  | main       | c.b.c.f.client.utils.RequestHandler  - DELETE http://localhost:57943//fapi/v1/order?symbol=BNBUSDT&orderId=&timestamp=1754918237058&signature=7abcdb0c0ff82f848bbf029b7e4bcc3d07838966267be922467ac77b90c07116
2025-08-11 13:17:17.062[1754918237062] | INFO  | main       | c.b.c.f.client.utils.RequestHandler  - DELETE http://localhost:43969//fapi/v1/order?symbol=BNBUSDT&orderId=123&origClientOrderId=456&timestamp=1754918237062&signature=143f19dd666421e9a92a04d0757a26f38f786879c898e0ecd5dc8fce005b6d82
2025-08-11 13:17:17.065[1754918237065] | INFO  | main       | c.b.c.f.client.utils.RequestHandler  - GET http://localhost:60137//fapi/v2/account?timestamp=1754918237065&signature=d546835423ff8f23bdf7763deb1e8666ae61a1f9dfe4c3d91b1f35c093dfa30d
2025-08-11 13:17:17.069[1754918237069] | INFO  | main       | c.b.c.f.client.utils.RequestHandler  - GET http://localhost:55021//fapi/v2/positionRisk?timestamp=1754918237069&signature=d61ed8f5db82b7a6488d824406bcbb10f0220043bc905ab4a763001b75d7b643
2025-08-11 13:17:17.072[1754918237072] | INFO  | main       | c.b.c.f.client.utils.RequestHandler  - GET http://localhost:56327//fapi/v2/positionRisk?symbol=BNBUSDT&timestamp=1754918237071&signature=adcbcc350c7310fad0c34b2e0c8bc9ab1ff4a237d743461cabe74254e65781b6
2025-08-11 13:17:17.075[1754918237075] | INFO  | main       | c.b.c.f.client.utils.RequestHandler  - DELETE http://localhost:52221//fapi/v1/allOpenOrders?symbol=BNBUSDT&timestamp=1754918237075&signature=04bca47eb3a30e6ca3296b4233a558d8d86904390f18107938c35ed30c0c47f8
2025-08-11 13:17:17.078[1754918237078] | INFO  | main       | c.b.c.f.client.utils.RequestHandler  - GET http://localhost:39825//fapi/v1/apiTradingStatus?timestamp=1754918237078&signature=a13e53aa7df2fa7265559edd20011be3d4db3d0bb961cc416d5d7e2531f0d717
2025-08-11 13:17:17.081[1754918237081] | INFO  | main       | c.b.c.f.client.utils.RequestHandler  - GET http://localhost:33255//fapi/v1/apiTradingStatus?symbol=BNBUSDT&timestamp=1754918237081&signature=9c85c84b7d3b2fa9f10ee18121aaccb96520d25a86671911630bd1deabcde084
2025-08-11 13:17:17.085[1754918237085] | INFO  | main       | c.b.c.f.client.utils.RequestHandler  - GET http://localhost:36685//fapi/v1/adlQuantile?timestamp=1754918237085&signature=f09b779b98c3d1bf44ef8b1318fa650d40e7ee14405876df93ad8982a64f4d6e
2025-08-11 13:17:17.087[1754918237087] | INFO  | main       | c.b.c.f.client.utils.RequestHandler  - GET http://localhost:53039//fapi/v1/adlQuantile?symbol=BNBUSDT&timestamp=1754918237087&signature=e72fcdaf18bfc6b84914583f08f96130de3ff8c07069aab2e7d9c1331bfcc4de
2025-08-11 13:17:17.092[1754918237092] | INFO  | main       | c.b.c.f.client.utils.RequestHandler  - POST http://localhost:47295//fapi/v1/marginType?symbol=BNBUSDT&marginType=CROSSED&timestamp=1754918237092&signature=7b8aeb8140e96a556c96272b3fb60ef3c0c64e24ef25b7c9b415083e994db08e
2025-08-11 13:17:17.102[1754918237102] | INFO  | main       | c.b.c.f.client.utils.RequestHandler  - GET http://localhost:56461//futures/data/globalLongShortAccountRatio?symbol=BNBUSDT&period=5m&limit=1000&startTime=1754918237102&endTime=1754918238102
2025-08-11 13:17:17.106[1754918237106] | INFO  | main       | c.b.c.f.client.utils.RequestHandler  - GET http://localhost:54011//futures/data/globalLongShortAccountRatio?symbol=BNBUSDT&period=5m
2025-08-11 13:17:17.110[1754918237110] | INFO  | main       | c.b.c.f.client.utils.RequestHandler  - GET http://localhost:38609//fapi/v1/depth?symbol=BNBUSDT
2025-08-11 13:17:17.112[1754918237112] | INFO  | main       | c.b.c.f.client.utils.RequestHandler  - GET http://localhost:34247//fapi/v1/depth?symbol=BNBUSDT&limit=10
2025-08-11 13:17:17.117[1754918237117] | INFO  | main       | c.b.c.f.client.utils.RequestHandler  - GET http://localhost:48735//fapi/v1/continuousKlines?pair=BNBUSDT&contractType=PERPETUAL&interval=1m
2025-08-11 13:17:17.121[1754918237121] | INFO  | main       | c.b.c.f.client.utils.RequestHandler  - GET http://localhost:44695//fapi/v1/continuousKlines?pair=BNBUSDT&contractType=PERPETUAL&interval=1m&limit=1000&startTime=1754918237120&endTime=1754918238120
2025-08-11 13:17:17.126[1754918237126] | INFO  | main       | c.b.c.f.client.utils.RequestHandler  - GET http://localhost:49093//fapi/v1/premiumIndex?symbol=BNBUSDT
2025-08-11 13:17:17.131[1754918237131] | INFO  | main       | c.b.c.f.client.utils.RequestHandler  - GET http://localhost:57813//fapi/v1/premiumIndex
2025-08-11 13:17:17.136[1754918237136] | INFO  | main       | c.b.c.f.client.utils.RequestHandler  - GET http://localhost:50357//fapi/v1/ticker/price
2025-08-11 13:17:17.140[1754918237140] | INFO  | main       | c.b.c.f.client.utils.RequestHandler  - GET http://localhost:39681//fapi/v1/ticker/price?symbol=BNBUSDT
2025-08-11 13:17:17.143[1754918237143] | INFO  | main       | c.b.c.f.client.utils.RequestHandler  - GET http://localhost:50399//fapi/v1/ticker/24hr?symbol=BNBUSDT
2025-08-11 13:17:17.145[1754918237145] | INFO  | main       | c.b.c.f.client.utils.RequestHandler  - GET http://localhost:54033//fapi/v1/ticker/24hr
2025-08-11 13:17:17.151[1754918237151] | INFO  | main       | c.b.c.f.client.utils.RequestHandler  - GET http://localhost:37061//fapi/v1/openInterest?symbol=BNBUSDT
2025-08-11 13:17:17.156[1754918237156] | INFO  | main       | c.b.c.f.client.utils.RequestHandler  - GET http://localhost:47289//fapi/v1/lvtKlines?symbol=BTCDOWN&interval=1m&limit=1000&startTime=1754918237155&endTime=1754918238155
2025-08-11 13:17:17.158[1754918237158] | INFO  | main       | c.b.c.f.client.utils.RequestHandler  - GET http://localhost:56945//fapi/v1/lvtKlines?symbol=BTCDOWN&interval=1m
2025-08-11 13:17:17.163[1754918237163] | INFO  | main       | c.b.c.f.client.utils.RequestHandler  - GET http://localhost:36959//fapi/v1/ticker/bookTicker?symbol=BNBUSDT
2025-08-11 13:17:17.166[1754918237166] | INFO  | main       | c.b.c.f.client.utils.RequestHandler  - GET http://localhost:41827//fapi/v1/ticker/bookTicker
2025-08-11 13:17:17.171[1754918237171] | INFO  | main       | c.b.c.f.client.utils.RequestHandler  - GET http://localhost:33397//fapi/v1/markPriceKlines?symbol=BNBUSDT&interval=1m&limit=1000&startTime=1754918237170&endTime=1754918238170
2025-08-11 13:17:17.174[1754918237174] | INFO  | main       | c.b.c.f.client.utils.RequestHandler  - GET http://localhost:58481//fapi/v1/markPriceKlines?symbol=BNBUSDT&interval=1m
2025-08-11 13:17:17.179[1754918237179] | INFO  | main       | c.b.c.f.client.utils.RequestHandler  - GET http://localhost:57853//fapi/v1/aggTrades?symbol=BNBUSDT&fromId=1000
2025-08-11 13:17:17.182[1754918237182] | INFO  | main       | c.b.c.f.client.utils.RequestHandler  - GET http://localhost:48839//fapi/v1/aggTrades?symbol=BNBUSDT&limit=1000
2025-08-11 13:17:17.184[1754918237184] | INFO  | main       | c.b.c.f.client.utils.RequestHandler  - GET http://localhost:36019//fapi/v1/aggTrades?symbol=BNBUSDT
2025-08-11 13:17:17.186[1754918237186] | INFO  | main       | c.b.c.f.client.utils.RequestHandler  - GET http://localhost:39759//fapi/v1/aggTrades?symbol=BNBUSDT&startTime=1754918237186&endTime=1754918238186
2025-08-11 13:17:17.189[1754918237189] | INFO  | main       | c.b.c.f.client.utils.RequestHandler  - GET http://localhost:60093//fapi/v1/trades?symbol=BNBUSDT&limit=1000
2025-08-11 13:17:17.193[1754918237193] | INFO  | main       | c.b.c.f.client.utils.RequestHandler  - GET http://localhost:48477//fapi/v1/trades?symbol=BNBUSDT
2025-08-11 13:17:17.197[1754918237197] | INFO  | main       | c.b.c.f.client.utils.RequestHandler  - GET http://localhost:34103//fapi/v1/indexPriceKlines?pair=BNBUSDT&interval=1m
2025-08-11 13:17:17.199[1754918237199] | INFO  | main       | c.b.c.f.client.utils.RequestHandler  - GET http://localhost:32869//fapi/v1/indexPriceKlines?pair=BNBUSDT&interval=1m&limit=1000&startTime=1754918237199&endTime=1754918238199
2025-08-11 13:17:17.203[1754918237203] | INFO  | main       | c.b.c.f.client.utils.RequestHandler  - GET http://localhost:37937//fapi/v1/ping
2025-08-11 13:17:17.206[1754918237206] | INFO  | main       | c.b.c.f.client.utils.RequestHandler  - GET http://localhost:51731//fapi/v1/fundingRate?symbol=BNBUSDT&limit=1000&startTime=1754918237206&endTime=1754918238206
2025-08-11 13:17:17.208[1754918237208] | INFO  | main       | c.b.c.f.client.utils.RequestHandler  - GET http://localhost:38539//fapi/v1/fundingRate
2025-08-11 13:17:17.212[1754918237212] | INFO  | main       | c.b.c.f.client.utils.RequestHandler  - GET http://localhost:46195//futures/data/topLongShortPositionRatio?symbol=BNBUSDT&period=5m
2025-08-11 13:17:17.214[1754918237214] | INFO  | main       | c.b.c.f.client.utils.RequestHandler  - GET http://localhost:40415//futures/data/topLongShortPositionRatio?symbol=BNBUSDT&period=5m&limit=1000&startTime=1754918237214&endTime=1754918238214
2025-08-11 13:17:17.217[1754918237217] | INFO  | main       | c.b.c.f.client.utils.RequestHandler  - GET http://localhost:42467//fapi/v1/time
2025-08-11 13:17:17.219[1754918237219] | INFO  | main       | c.b.c.f.client.utils.RequestHandler  - GET http://localhost:34395//futures/data/openInterestHist?symbol=BNBUSDT&period=5m&limit=1000&startTime=1754918237219&endTime=1754918238219
2025-08-11 13:17:17.221[1754918237221] | INFO  | main       | c.b.c.f.client.utils.RequestHandler  - GET http://localhost:58713//futures/data/openInterestHist?symbol=BNBUSDT&period=5m
2025-08-11 13:17:17.230[1754918237230] | INFO  | main       | c.b.c.f.client.utils.RequestHandler  - GET http://localhost:59775//fapi/v1/klines?symbol=BNBUSDT&interval=1m&limit=1000&startTime=1754918237229&endTime=1754918238229
2025-08-11 13:17:17.232[1754918237232] | INFO  | main       | c.b.c.f.client.utils.RequestHandler  - GET http://localhost:33605//fapi/v1/klines?symbol=BNBUSDT&interval=1m
2025-08-11 13:17:17.235[1754918237235] | INFO  | main       | c.b.c.f.client.utils.RequestHandler  - GET http://localhost:60837//fapi/v1/historicalTrades?symbol=BNBUSDT&limit=1000&fromId=123
2025-08-11 13:17:17.239[1754918237239] | INFO  | main       | c.b.c.f.client.utils.RequestHandler  - GET http://localhost:43665//fapi/v1/historicalTrades?symbol=BNBUSDT
2025-08-11 13:17:17.242[1754918237242] | INFO  | main       | c.b.c.f.client.utils.RequestHandler  - GET http://localhost:47777//fapi/v1/assetIndex?symbol=ADAUSD
2025-08-11 13:17:17.245[1754918237245] | INFO  | main       | c.b.c.f.client.utils.RequestHandler  - GET http://localhost:44097//fapi/v1/assetIndex
2025-08-11 13:17:17.248[1754918237248] | INFO  | main       | c.b.c.f.client.utils.RequestHandler  - GET http://localhost:33785//futures/data/topLongShortAccountRatio?symbol=BNBUSDT&period=5m
2025-08-11 13:17:17.252[1754918237252] | INFO  | main       | c.b.c.f.client.utils.RequestHandler  - GET http://localhost:59173//futures/data/topLongShortAccountRatio?symbol=BNBUSDT&period=5m&limit=1000&startTime=1754918237251&endTime=1754918238251
2025-08-11 13:17:17.256[1754918237256] | INFO  | main       | c.b.c.f.client.utils.RequestHandler  - GET http://localhost:57119//futures/data/takerlongshortRatio?symbol=BNBUSDT&period=5m&limit=1000&startTime=1754918237255&endTime=1754918238255
2025-08-11 13:17:17.260[1754918237260] | INFO  | main       | c.b.c.f.client.utils.RequestHandler  - GET http://localhost:51843//futures/data/takerlongshortRatio?symbol=BNBUSDT&period=5m
2025-08-11 13:17:17.263[1754918237263] | INFO  | main       | c.b.c.f.client.utils.RequestHandler  - GET http://localhost:34261//fapi/v1/exchangeInfo
2025-08-11 13:17:17.266[1754918237266] | INFO  | main       | c.b.c.f.client.utils.RequestHandler  - GET http://localhost:45121//fapi/v1/indexInfo?symbol=DEFIUSDT
2025-08-11 13:17:17.268[1754918237268] | INFO  | main       | c.b.c.f.client.utils.RequestHandler  - GET http://localhost:35553//fapi/v1/indexInfo
2025-08-11 13:17:17.276[1754918237276] | INFO  | main       | c.b.c.f.client.utils.RequestHandler  - POST http://localhost:49447//sapi/v1/sub-account/universalTransfer?fromAccountType=USDT_FUTURE&toAccountType=SPOT&asset=BTC&amount=0.1&fromEmail=from%40example.com&toEmail=to%40example.com&clientTranId=test-transfer-123&timestamp=1754918237276&signature=6583fc84d6701d5c8908d088efaae2a67dd92bd0616c4ed0d0d02a68a37b5c3c
2025-08-11 13:17:17.280[1754918237280] | INFO  | main       | c.b.c.f.client.utils.RequestHandler  - POST http://localhost:37383//sapi/v1/sub-account/universalTransfer?fromAccountType=SPOT&toAccountType=USDT_FUTURE&asset=USDT&amount=100.0&timestamp=1754918237280&signature=896e1dbf9e800e0d05fc9e8f43c816353945816d2a9b74d7f2739ab48e5bded7
2025-08-11 13:17:17.285[1754918237285] | INFO  | main       | c.b.c.f.client.utils.RequestHandler  - GET http://localhost:42081//sapi/v1/sub-account/universalTransfer?fromEmail=from%40example.com&toEmail=to%40example.com&startTime=1625097600000&endTime=1625184000000&page=1&limit=100&timestamp=1754918237285&signature=6845a7413948156ad0bfc9bb881652a27f50bed1f210f9001c978a50ac48f556
2025-08-11 13:17:17.291[1754918237291] | INFO  | main       | c.b.c.f.client.utils.RequestHandler  - GET http://localhost:60645//sapi/v1/sub-account/universalTransfer?timestamp=1754918237291&signature=280f60963ba776a2b12866bc419218bcbf8f92b2a57d062a327b7d857c0a35e7
